ALTER TABLE location NOCHECK CONSTRAINT ALL;
SET IDENTITY_INSERT [dbo].[location] ON 
INSERT [dbo].[location] ([location_id], [address], [city], [district], [lat], [lng], [location_name]) VALUES (1, N'新生南路二段1號(2號、11號門入口)', N'台北市', N'大安區', 25.0310657, 121.5333633, N'大安森林公園')
INSERT [dbo].[location] ([location_id], [address], [city], [district], [lat], [lng], [location_name]) VALUES (2, N'大安路一段77號', N'台北市', N'大安區', 25.0419812, 121.5441652, N'東區頂好廣場')
INSERT [dbo].[location] ([location_id], [address], [city], [district], [lat], [lng], [location_name]) VALUES (3, N'忠孝東路四段124-13號', N'台北市', N'大安區', 25.0411426, 121.5454347, N'東區龍門廣場')
INSERT [dbo].[location] ([location_id], [address], [city], [district], [lat], [lng], [location_name]) VALUES (4, N'信義路三段100號', N'台北市', N'大安區', 25.0334703, 121.5358259, N'捷運大安森林公園站')
INSERT [dbo].[location] ([location_id], [address], [city], [district], [lat], [lng], [location_name]) VALUES (5, N'大安路一段77號', N'台北市', N'大安區', 25.0419812, 121.5441652, N'捷運東區地下街')
INSERT [dbo].[location] ([location_id], [address], [city], [district], [lat], [lng], [location_name]) VALUES (6, N'光明路、中山路', N'台北市', N'北投區', NULL, NULL, N'北投公園')
INSERT [dbo].[location] ([location_id], [address], [city], [district], [lat], [lng], [location_name]) VALUES (7, N'光明路1號', N'台北市', N'北投區', NULL, NULL, N'捷運北投站')
INSERT [dbo].[location] ([location_id], [address], [city], [district], [lat], [lng], [location_name]) VALUES (8, N'中正路1號', N'新北市', N'淡水區', NULL, NULL, N'捷運淡水站')
INSERT [dbo].[location] ([location_id], [address], [city], [district], [lat], [lng], [location_name]) VALUES (9, N'大業路700號', N'台北市', N'北投區', NULL, NULL, N'捷運新北投站')
INSERT [dbo].[location] ([location_id], [address], [city], [district], [lat], [lng], [location_name]) VALUES (10, N'關渡河濱公園', N'台北市', N'北投區', NULL, NULL, N'關渡河濱公園')
INSERT [dbo].[location] ([location_id], [address], [city], [district], [lat], [lng], [location_name]) VALUES (11, N'基河路101號', N'台北市', N'士林區', NULL, NULL, N'士林市場藝文空間')
INSERT [dbo].[location] ([location_id], [address], [city], [district], [lat], [lng], [location_name]) VALUES (12, N'福林路60號', N'台北市', N'士林區', NULL, NULL, N'士林官邸公園')
INSERT [dbo].[location] ([location_id], [address], [city], [district], [lat], [lng], [location_name]) VALUES (13, N'忠誠路二段77號', N'台北市', N'士林區', NULL, NULL, N'天母運動公園音樂台')
INSERT [dbo].[location] ([location_id], [address], [city], [district], [lat], [lng], [location_name]) VALUES (14, N'捷運士林站', N'台北市', N'士林區', NULL, NULL, N'捷運士林站')
INSERT [dbo].[location] ([location_id], [address], [city], [district], [lat], [lng], [location_name]) VALUES (15, N'基河路363號', N'台北市', N'士林區', NULL, NULL, N'臺北市天文科學教育館')
INSERT [dbo].[location] ([location_id], [address], [city], [district], [lat], [lng], [location_name]) VALUES (16, N'承德路五段55號', N'台北市', N'士林區', NULL, NULL, N'臺北市兒童新樂園')
INSERT [dbo].[location] ([location_id], [address], [city], [district], [lat], [lng], [location_name]) VALUES (17, N'臨溪路72號', N'台北市', N'士林區', NULL, NULL, N'錢穆故居戶外庭園、人文茶坊')
INSERT [dbo].[location] ([location_id], [address], [city], [district], [lat], [lng], [location_name]) VALUES (18, N'成功路五段31號', N'台北市', N'內湖區', NULL, NULL, N'大湖公園')
INSERT [dbo].[location] ([location_id], [address], [city], [district], [lat], [lng], [location_name]) VALUES (19, N'舊宗路一段188號', N'台北市', N'內湖區', NULL, NULL, N'大潤發內湖二店')
INSERT [dbo].[location] ([location_id], [address], [city], [district], [lat], [lng], [location_name]) VALUES (20, N'成美右岸河濱公園', N'台北市', N'內湖區', NULL, NULL, N'成美右岸河濱公園')
INSERT [dbo].[location] ([location_id], [address], [city], [district], [lat], [lng], [location_name]) VALUES (21, N'成美左岸河濱公園', N'台北市', N'內湖區', NULL, NULL, N'成美左岸河濱公園')
INSERT [dbo].[location] ([location_id], [address], [city], [district], [lat], [lng], [location_name]) VALUES (22, N'內湖路一段737巷', N'台北市', N'內湖區', NULL, NULL, N'港富里737音樂夜市')
INSERT [dbo].[location] ([location_id], [address], [city], [district], [lat], [lng], [location_name]) VALUES (23, N'內湖路二段、內湖路二段103巷、環山路三段', N'台北市', N'內湖區', NULL, NULL, N'碧湖公園')
INSERT [dbo].[location] ([location_id], [address], [city], [district], [lat], [lng], [location_name]) VALUES (24, N'大佳河濱公園', N'台北市', N'中山區', NULL, NULL, N'大佳河濱公園')
INSERT [dbo].[location] ([location_id], [address], [city], [district], [lat], [lng], [location_name]) VALUES (25, N'中山區玉門街1號', N'台北市', N'中山區', NULL, NULL, N'花博公園公共空間')
INSERT [dbo].[location] ([location_id], [address], [city], [district], [lat], [lng], [location_name]) VALUES (26, N'中山北路三段151號', N'台北市', N'中山區', NULL, NULL, N'花博公園原民風味館')
INSERT [dbo].[location] ([location_id], [address], [city], [district], [lat], [lng], [location_name]) VALUES (27, N'北安路400巷1弄10號', N'台北市', N'中山區', NULL, NULL, N'美堤河濱公園')
INSERT [dbo].[location] ([location_id], [address], [city], [district], [lat], [lng], [location_name]) VALUES (28, N'敬業三路20號', N'台北市', N'中山區', NULL, NULL, N'美麗華百樂園')
INSERT [dbo].[location] ([location_id], [address], [city], [district], [lat], [lng], [location_name]) VALUES (29, N'北安路780號', N'台北市', N'中山區', NULL, NULL, N'美麗新廣場')
INSERT [dbo].[location] ([location_id], [address], [city], [district], [lat], [lng], [location_name]) VALUES (30, N'南京西路16號', N'台北市', N'中山區', NULL, NULL, N'捷運中山站')
INSERT [dbo].[location] ([location_id], [address], [city], [district], [lat], [lng], [location_name]) VALUES (31, N'捷運劍南路站', N'台北市', N'中山區', NULL, NULL, N'捷運劍南路站')
INSERT [dbo].[location] ([location_id], [address], [city], [district], [lat], [lng], [location_name]) VALUES (32, N'中山北路三段181號', N'台北市', N'中山區', NULL, NULL, N'臺北市立美術館廣場')
INSERT [dbo].[location] ([location_id], [address], [city], [district], [lat], [lng], [location_name]) VALUES (33, N'迪化街一段23號', N'台北市', N'大同區', NULL, NULL, N'永樂廣場')
INSERT [dbo].[location] ([location_id], [address], [city], [district], [lat], [lng], [location_name]) VALUES (34, N'酒泉街235號', N'台北市', N'大同區', NULL, NULL, N'迪化污水處理廠附設休閒運動公園')
INSERT [dbo].[location] ([location_id], [address], [city], [district], [lat], [lng], [location_name]) VALUES (35, N'酒泉街9之1號', N'台北市', N'大同區', NULL, NULL, N'捷運圓山站')
INSERT [dbo].[location] ([location_id], [address], [city], [district], [lat], [lng], [location_name]) VALUES (36, N'長安西路39號', N'台北市', N'大同區', NULL, NULL, N'臺北當代藝術館')
INSERT [dbo].[location] ([location_id], [address], [city], [district], [lat], [lng], [location_name]) VALUES (37, N'松勤街50號', N'台北市', N'信義區', NULL, NULL, N'公民會館')
INSERT [dbo].[location] ([location_id], [address], [city], [district], [lat], [lng], [location_name]) VALUES (38, N'信義路五段7號', N'台北市', N'信義區', NULL, NULL, N'台北101廣場')
INSERT [dbo].[location] ([location_id], [address], [city], [district], [lat], [lng], [location_name]) VALUES (39, N'市府路1號', N'台北市', N'信義區', NULL, NULL, N'市民廣場及市政大樓週邊場地街舞區')
INSERT [dbo].[location] ([location_id], [address], [city], [district], [lat], [lng], [location_name]) VALUES (40, N'光復南路133號', N'台北市', N'信義區', NULL, NULL, N'松山文創園區')
INSERT [dbo].[location] ([location_id], [address], [city], [district], [lat], [lng], [location_name]) VALUES (41, N'松壽路9號', N'台北市', N'信義區', NULL, NULL, N'信義區香堤大道、威秀廣場')
INSERT [dbo].[location] ([location_id], [address], [city], [district], [lat], [lng], [location_name]) VALUES (42, N'仁愛路四段505號', N'台北市', N'信義區', NULL, NULL, N'國立國父紀念館與中山公園')
INSERT [dbo].[location] ([location_id], [address], [city], [district], [lat], [lng], [location_name]) VALUES (43, N'懷寧街103號', N'台北市', N'中正區', NULL, NULL, N'二二八和平公園')
INSERT [dbo].[location] ([location_id], [address], [city], [district], [lat], [lng], [location_name]) VALUES (44, N'市民大道三段2號', N'台北市', N'中正區', NULL, NULL, N'三創生活園區一樓廣場')
INSERT [dbo].[location] ([location_id], [address], [city], [district], [lat], [lng], [location_name]) VALUES (45, N'延平南路98號', N'台北市', N'中正區', NULL, NULL, N'中山堂廣場-國父銅像園區票友劇場')
INSERT [dbo].[location] ([location_id], [address], [city], [district], [lat], [lng], [location_name]) VALUES (46, N'思源街1號', N'台北市', N'中正區', NULL, NULL, N'古亭河濱公園')
INSERT [dbo].[location] ([location_id], [address], [city], [district], [lat], [lng], [location_name]) VALUES (47, N'臺北市中正區忠孝西路一段47號B1F', N'台北市', N'中正區', NULL, NULL, N'台北車站誠品站前K區地下街')
INSERT [dbo].[location] ([location_id], [address], [city], [district], [lat], [lng], [location_name]) VALUES (48, N'思源街1號', N'台北市', N'中正區', NULL, NULL, N'自來水園區內各展演場地')
INSERT [dbo].[location] ([location_id], [address], [city], [district], [lat], [lng], [location_name]) VALUES (49, N'北平東路7號', N'台北市', N'中正區', NULL, NULL, N'草山國際藝術村')
INSERT [dbo].[location] ([location_id], [address], [city], [district], [lat], [lng], [location_name]) VALUES (50, N'羅斯福路一段8之1號', N'台北市', N'中正區', NULL, NULL, N'捷運中正紀念堂站')
INSERT [dbo].[location] ([location_id], [address], [city], [district], [lat], [lng], [location_name]) VALUES (51, N'四平陽光商圈', N'台北市', N'中正區', NULL, NULL, N'臺北市四平商圈徒步區')
INSERT [dbo].[location] ([location_id], [address], [city], [district], [lat], [lng], [location_name]) VALUES (52, N'仁愛路一段17號', N'台北市', N'中正區', NULL, NULL, N'臺北市青少年發展處')
INSERT [dbo].[location] ([location_id], [address], [city], [district], [lat], [lng], [location_name]) VALUES (53, N'市民大道一段100號', N'台北市', N'中正區', NULL, NULL, N'臺北市站前地下街')
INSERT [dbo].[location] ([location_id], [address], [city], [district], [lat], [lng], [location_name]) VALUES (54, N'市民大道一段100號', N'台北市', N'中正區', NULL, NULL, N'臺北市臺北地下街')
INSERT [dbo].[location] ([location_id], [address], [city], [district], [lat], [lng], [location_name]) VALUES (55, N'南海路41號', N'台北市', N'中正區', NULL, NULL, N'臺北當代工藝設計分館')
INSERT [dbo].[location] ([location_id], [address], [city], [district], [lat], [lng], [location_name]) VALUES (56, N'汀州路三段230巷', N'台北市', N'中正區', NULL, NULL, N'寶藏巖')
INSERT [dbo].[location] ([location_id], [address], [city], [district], [lat], [lng], [location_name]) VALUES (57, N'漢中街、武昌街', N'台北市', N'萬華區', NULL, NULL, N'西門町行人徒步區')
INSERT [dbo].[location] ([location_id], [address], [city], [district], [lat], [lng], [location_name]) VALUES (58, N'水源路', N'台北市', N'萬華區', NULL, NULL, N'馬場町紀念公園')
INSERT [dbo].[location] ([location_id], [address], [city], [district], [lat], [lng], [location_name]) VALUES (59, N'寶慶路32-1號', N'台北市', N'萬華區', NULL, NULL, N'捷運西門站')
INSERT [dbo].[location] ([location_id], [address], [city], [district], [lat], [lng], [location_name]) VALUES (60, N'捷運龍山寺站', N'台北市', N'萬華區', NULL, NULL, N'艋舺公園')
INSERT [dbo].[location] ([location_id], [address], [city], [district], [lat], [lng], [location_name]) VALUES (61, N'廣州街247號', N'台北市', N'萬華區', NULL, NULL, N'艋舺商旅')
INSERT [dbo].[location] ([location_id], [address], [city], [district], [lat], [lng], [location_name]) VALUES (62, N'新光路二段30號', N'台北市', N'文山區', NULL, NULL, N'臺北市立動物園')
INSERT [dbo].[location] ([location_id], [address], [city], [district], [lat], [lng], [location_name]) VALUES (63, N'新光路二段8號', N'台北市', N'文山區', NULL, NULL, N'貓空纜車')
INSERT [dbo].[location] ([location_id], [address], [city], [district], [lat], [lng], [location_name]) VALUES (64, N'民權街36號前廣場', N'新北市', N'三峽區', NULL, NULL, N'中華電信前廣場及長福橋')
INSERT [dbo].[location] ([location_id], [address], [city], [district], [lat], [lng], [location_name]) VALUES (65, N'仁愛路244-1號', N'新北市', N'永和區', NULL, NULL, N'仁愛公園小音樂台')
INSERT [dbo].[location] ([location_id], [address], [city], [district], [lat], [lng], [location_name]) VALUES (66, N'新北大道1號', N'新北市', N'三重區', NULL, NULL, N'中山藝術公園')
INSERT [dbo].[location] ([location_id], [address], [city], [district], [lat], [lng], [location_name]) VALUES (67, N'忠孝路二段靠自強路', N'新北市', N'三重區', NULL, NULL, N'二二八公園')
INSERT [dbo].[location] ([location_id], [address], [city], [district], [lat], [lng], [location_name]) VALUES (68, N'中正北路2號', N'新北市', N'三重區', NULL, NULL, N'三重綜合運動場')
INSERT [dbo].[location] ([location_id], [address], [city], [district], [lat], [lng], [location_name]) VALUES (69, N'集賢路與五華街口', N'新北市', N'三重區', NULL, NULL, N'環保公園')
INSERT [dbo].[location] ([location_id], [address], [city], [district], [lat], [lng], [location_name]) VALUES (70, N'新台五路一段93號', N'新北市', N'汐止區', NULL, NULL, N'iFG遠雄購物中心')
INSERT [dbo].[location] ([location_id], [address], [city], [district], [lat], [lng], [location_name]) VALUES (71, N'觀海路199號1樓', N'新北市', N'淡水區', NULL, NULL, N'淡水漁人碼頭')
INSERT [dbo].[location] ([location_id], [address], [city], [district], [lat], [lng], [location_name]) VALUES (72, N'靜安路二段141號', N'新北市', N'平溪區', NULL, NULL, N'平溪分駐所波麗士天燈前廣場')
INSERT [dbo].[location] ([location_id], [address], [city], [district], [lat], [lng], [location_name]) VALUES (73, N'新站路28號', N'新北市', N'板橋區', NULL, NULL, N'板橋大遠百')
INSERT [dbo].[location] ([location_id], [address], [city], [district], [lat], [lng], [location_name]) VALUES (74, N'館前路300號', N'新北市', N'鶯歌區', NULL, NULL, N'三鶯藝術村圓形廣場')
INSERT [dbo].[location] ([location_id], [address], [city], [district], [lat], [lng], [location_name]) VALUES (75, N'館前路300號', N'新北市', N'鶯歌區', NULL, NULL, N'三鶯陶花源')
INSERT [dbo].[location] ([location_id], [address], [city], [district], [lat], [lng], [location_name]) VALUES (76, N'觀海路83', N'新北市', N'淡水區', NULL, NULL, N'福容大飯店漁人碼頭及麗寶漁人碼頭廣場')
INSERT [dbo].[location] ([location_id], [address], [city], [district], [lat], [lng], [location_name]) VALUES (77, N'縣民大道二段7號', N'新北市', N'板橋區', NULL, NULL, N'板橋車站特定專用區站前廣場')
INSERT [dbo].[location] ([location_id], [address], [city], [district], [lat], [lng], [location_name]) VALUES (78, N'中山路一段161號', N'新北市', N'板橋區', NULL, NULL, N'新北市政府市民廣場')
INSERT [dbo].[location] ([location_id], [address], [city], [district], [lat], [lng], [location_name]) VALUES (79, N'文化路200 號', N'新北市', N'鶯歌區', NULL, NULL, N'新北市立鶯歌陶瓷博物館')
INSERT [dbo].[location] ([location_id], [address], [city], [district], [lat], [lng], [location_name]) VALUES (80, N'西門街9號 ', N'新北市', N'板橋區', NULL, NULL, N'林本源園邸')
INSERT [dbo].[location] ([location_id], [address], [city], [district], [lat], [lng], [location_name]) VALUES (81, N'博物館路200號 ', N'新北市', N'八里區', NULL, NULL, N'新北市立十三行博物館')
INSERT [dbo].[location] ([location_id], [address], [city], [district], [lat], [lng], [location_name]) VALUES (82, N'金瓜石金光路8號 ', N'新北市', N'瑞芳區', NULL, NULL, N'新北市立黃金博物館')
INSERT [dbo].[location] ([location_id], [address], [city], [district], [lat], [lng], [location_name]) VALUES (83, N'菁桐里菁桐街113號 ', N'新北市', N'平溪區', NULL, NULL, N'菁桐礦業生活館')
INSERT [dbo].[location] ([location_id], [address], [city], [district], [lat], [lng], [location_name]) VALUES (84, N'長福街1號 ', N'新北市', N'三峽區', NULL, NULL, N'三峽祖師廟前廣場')
INSERT [dbo].[location] ([location_id], [address], [city], [district], [lat], [lng], [location_name]) VALUES (85, N'石底里公園街17號 ', N'新北市', N'平溪區', NULL, NULL, N'平溪區民活動中心廣場')
INSERT [dbo].[location] ([location_id], [address], [city], [district], [lat], [lng], [location_name]) VALUES (86, N'重新路5段654號 ', N'新北市', N'三重區', NULL, NULL, N'家樂福股份有限公司重新店戶外廣場')
INSERT [dbo].[location] ([location_id], [address], [city], [district], [lat], [lng], [location_name]) VALUES (87, N'福德里八連溪旁 ', N'新北市', N'三芝區', NULL, NULL, N'福德水車園區')
INSERT [dbo].[location] ([location_id], [address], [city], [district], [lat], [lng], [location_name]) VALUES (88, N'中平路133號 ', N'新北市', N'新莊區', NULL, NULL, N'新莊文化藝術中心廣場')
INSERT [dbo].[location] ([location_id], [address], [city], [district], [lat], [lng], [location_name]) VALUES (89, N'中港路363號 ', N'新北市', N'新莊區', NULL, NULL, N'中港厝休閒廣場')
INSERT [dbo].[location] ([location_id], [address], [city], [district], [lat], [lng], [location_name]) VALUES (90, N'後站街 ', N'新北市', N'樹林區', NULL, NULL, N'樹林後站廣場')
INSERT [dbo].[location] ([location_id], [address], [city], [district], [lat], [lng], [location_name]) VALUES (91, N'保安街二段45巷53號 ', N'新北市', N'樹林區', NULL, NULL, N'南寮福德宮')
INSERT [dbo].[location] ([location_id], [address], [city], [district], [lat], [lng], [location_name]) VALUES (92, N'興隆街36號 ', N'新北市', N'貢寮區', NULL, NULL, N'福隆遊客中心前廣場')
INSERT [dbo].[location] ([location_id], [address], [city], [district], [lat], [lng], [location_name]) VALUES (93, N'樂利街16號 ', N'新北市', N'土城區', NULL, NULL, N'海山捷運站廣場')
INSERT [dbo].[location] ([location_id], [address], [city], [district], [lat], [lng], [location_name]) VALUES (94, N'中央路3段105號 ', N'新北市', N'土城區', NULL, NULL, N'永寧捷運站廣場')
INSERT [dbo].[location] ([location_id], [address], [city], [district], [lat], [lng], [location_name]) VALUES (95, N'五工六路9號 ', N'新北市', N'五股區', NULL, NULL, N'新北市勞工活動中心前戶外廣場')
INSERT [dbo].[location] ([location_id], [address], [city], [district], [lat], [lng], [location_name]) VALUES (96, N'坪林里坪林街79號 ', N'新北市', N'坪林區', NULL, NULL, N'坪林老街')
INSERT [dbo].[location] ([location_id], [address], [city], [district], [lat], [lng], [location_name]) VALUES (97, N'老梅里老梅社區 ', N'新北市', N'石門區', NULL, NULL, N'風箏公園')
INSERT [dbo].[location] ([location_id], [address], [city], [district], [lat], [lng], [location_name]) VALUES (98, N'隆恩街239號 ', N'新北市', N'三峽區', NULL, NULL, N'新北市客家文化園區')
INSERT [dbo].[location] ([location_id], [address], [city], [district], [lat], [lng], [location_name]) VALUES (99, N'新店路 ', N'新北市', N'新店區', NULL, NULL, N'碧潭風景區')
INSERT [dbo].[location] ([location_id], [address], [city], [district], [lat], [lng], [location_name]) VALUES (100, N'壽山路61號 ', N'新北市', N'新莊區', NULL, NULL, N'青年公園主題園區活力廣場')
INSERT [dbo].[location] ([location_id], [address], [city], [district], [lat], [lng], [location_name]) VALUES (101, N'水德里水聳淒坑街19之1號 ', N'新北市', N'坪林區', NULL, NULL, N'坪林茶業博物館')
INSERT [dbo].[location] ([location_id], [address], [city], [district], [lat], [lng], [location_name]) VALUES (102, N'福壽街與昌明街口 ', N'新北市', N'新莊區', NULL, NULL, N'福壽公園')
INSERT [dbo].[location] ([location_id], [address], [city], [district], [lat], [lng], [location_name]) VALUES (103, N'自由街1號旁 ', N'新北市', N'新莊區', NULL, NULL, N'思賢公園')
INSERT [dbo].[location] ([location_id], [address], [city], [district], [lat], [lng], [location_name]) VALUES (104, N'集美街112巷 ', N'新北市', N'三重區', NULL, NULL, N'玫瑰公園廣場')
INSERT [dbo].[location] ([location_id], [address], [city], [district], [lat], [lng], [location_name]) VALUES (105, N'猴硐路 ', N'新北市', N'瑞芳區', NULL, NULL, N'猴硐煤礦博物園區')
INSERT [dbo].[location] ([location_id], [address], [city], [district], [lat], [lng], [location_name]) VALUES (106, N'錦和路350號', N'新北市', N'中和區', NULL, NULL, N'錦和公園露天音樂台暨咖啡廣場(風光中和園區)')
INSERT [dbo].[location] ([location_id], [address], [city], [district], [lat], [lng], [location_name]) VALUES (107, N'民享街 ', N'新北市', N'中和區', NULL, NULL, N'民享藝文特區')
INSERT [dbo].[location] ([location_id], [address], [city], [district], [lat], [lng], [location_name]) VALUES (108, N'中山路17號 ', N'新北市', N'三峽區', NULL, NULL, N'歷史文物館館前花園廣場')
INSERT [dbo].[location] ([location_id], [address], [city], [district], [lat], [lng], [location_name]) VALUES (109, N'烏來里烏來街34號 ', N'新北市', N'烏來區', NULL, NULL, N'烏來區綜合活動中心旁廣場')
INSERT [dbo].[location] ([location_id], [address], [city], [district], [lat], [lng], [location_name]) VALUES (110, N'集賢路221巷 ', N'新北市', N'蘆洲區', NULL, NULL, N'重陽公園')
INSERT [dbo].[location] ([location_id], [address], [city], [district], [lat], [lng], [location_name]) VALUES (111, N'文化一路與仁愛路交叉口 ', N'新北市', N'林口區', NULL, NULL, N'林口社區運動公園')
INSERT [dbo].[location] ([location_id], [address], [city], [district], [lat], [lng], [location_name]) VALUES (112, N'古庄里台2線旁 ', N'新北市', N'三芝區', NULL, NULL, N'根德水車園區')
INSERT [dbo].[location] ([location_id], [address], [city], [district], [lat], [lng], [location_name]) VALUES (113, N'枋寮街 ', N'新北市', N'中和區', NULL, NULL, N'枋寮夜市廟仔尾溝(綠林小徑)')
INSERT [dbo].[location] ([location_id], [address], [city], [district], [lat], [lng], [location_name]) VALUES (114, N'重慶街95號 ', N'新北市', N'鶯歌區', NULL, NULL, N'鶯歌老街陶館藝術長廊')
INSERT [dbo].[location] ([location_id], [address], [city], [district], [lat], [lng], [location_name]) VALUES (115, N'中正路1號 ', N'新北市', N'淡水區', NULL, NULL, N'捷運淡水站北穿堂')
INSERT [dbo].[location] ([location_id], [address], [city], [district], [lat], [lng], [location_name]) VALUES (116, N'中正路1號 ', N'新北市', N'淡水區', NULL, NULL, N'捷運淡水站南穿堂')
INSERT [dbo].[location] ([location_id], [address], [city], [district], [lat], [lng], [location_name]) VALUES (117, N'中正路1號 ', N'新北市', N'淡水區', NULL, NULL, N'捷運淡水站10號廣場(站後公園)')
INSERT [dbo].[location] ([location_id], [address], [city], [district], [lat], [lng], [location_name]) VALUES (118, N'中正路1號 ', N'新北市', N'淡水區', NULL, NULL, N'捷運淡水站捷運紀念碑北側廊道及站後廣場草坪')
INSERT [dbo].[location] ([location_id], [address], [city], [district], [lat], [lng], [location_name]) VALUES (119, N'信望里信義路1號 ', N'新北市', N'汐止區', NULL, NULL, N'汐止火車站秀峰路廣場')
INSERT [dbo].[location] ([location_id], [address], [city], [district], [lat], [lng], [location_name]) VALUES (120, N'東鶯里文化路68號 ', N'新北市', N'鶯歌區', NULL, NULL, N'鶯歌火車站1樓大廳')
INSERT [dbo].[location] ([location_id], [address], [city], [district], [lat], [lng], [location_name]) VALUES (121, N'凌雲路三段130號 ', N'新北市', N'五股區', NULL, NULL, N'觀音山遊客中心廣場')
INSERT [dbo].[location] ([location_id], [address], [city], [district], [lat], [lng], [location_name]) VALUES (122, N'凌雲路三段130號 ', N'新北市', N'五股區', NULL, NULL, N'觀音山展示館前廣場')
INSERT [dbo].[location] ([location_id], [address], [city], [district], [lat], [lng], [location_name]) VALUES (123, N'福隆段 ', N'新北市', N'貢寮區', NULL, NULL, N'舊草嶺自行車隧道北口木棧板區')
INSERT [dbo].[location] ([location_id], [address], [city], [district], [lat], [lng], [location_name]) VALUES (124, N'信望里信義路1號 ', N'新北市', N'汐止區', NULL, NULL, N'汐止火車站前廣場（南昌路）')
INSERT [dbo].[location] ([location_id], [address], [city], [district], [lat], [lng], [location_name]) VALUES (125, N'中安街 ', N'新北市', N'中和區', NULL, NULL, N'八二三紀念公園')
INSERT [dbo].[location] ([location_id], [address], [city], [district], [lat], [lng], [location_name]) VALUES (126, N'明志路2段 ', N'新北市', N'泰山區', NULL, NULL, N'文程廣場')
INSERT [dbo].[location] ([location_id], [address], [city], [district], [lat], [lng], [location_name]) VALUES (127, N'仁愛路', N'新北市', N'泰山區', NULL, NULL, N'同興公園表演場')
INSERT [dbo].[location] ([location_id], [address], [city], [district], [lat], [lng], [location_name]) VALUES (128, N'溫泉路2巷10號', N'新北市', N'金山區', NULL, NULL, N'中山堂前空地')
INSERT [dbo].[location] ([location_id], [address], [city], [district], [lat], [lng], [location_name]) VALUES (129, N'埔坪里埔頭坑164-2號', N'新北市', N'三芝區', NULL, NULL, N'三芝遊客中心前瞭望廣場')
INSERT [dbo].[location] ([location_id], [address], [city], [district], [lat], [lng], [location_name]) VALUES (130, N'磺港路171-2號', N'新北市', N'金山區', NULL, NULL, N'金山遊客中心前廣場')
INSERT [dbo].[location] ([location_id], [address], [city], [district], [lat], [lng], [location_name]) VALUES (131, N'中華路54巷', N'新北市', N'新店區', NULL, NULL, N'?公公園廣場')
INSERT [dbo].[location] ([location_id], [address], [city], [district], [lat], [lng], [location_name]) VALUES (132, N'中正路435號', N'新北市', N'板橋區', NULL, NULL, N'435藝文特區')
INSERT [dbo].[location] ([location_id], [address], [city], [district], [lat], [lng], [location_name]) VALUES (133, N'龍潭里明燈路三段82號', N'新北市', N'瑞芳區', NULL, NULL, N'瑞芳火車站前區民休閒廣場')
INSERT [dbo].[location] ([location_id], [address], [city], [district], [lat], [lng], [location_name]) VALUES (134, N'安業街', N'新北市', N'新店區', NULL, NULL, N'陽光運動園區')
INSERT [dbo].[location] ([location_id], [address], [city], [district], [lat], [lng], [location_name]) VALUES (135, N'正義里光榮路及長榮路', N'新北市', N'蘆洲區', NULL, NULL, N'蘆州區柳堤公園')
INSERT [dbo].[location] ([location_id], [address], [city], [district], [lat], [lng], [location_name]) VALUES (136, N'中華路2段17號', N'新北市', N'新莊區', NULL, NULL, N'中港大排')
INSERT [dbo].[location] ([location_id], [address], [city], [district], [lat], [lng], [location_name]) VALUES (137, N'學勤路300號', N'新北市', N'樹林區', NULL, NULL, N'北大特區竹街廣場')
INSERT [dbo].[location] ([location_id], [address], [city], [district], [lat], [lng], [location_name]) VALUES (138, N'中安街85號', N'新北市', N'中和區', NULL, NULL, N'中和區活水文化創意園區')
INSERT [dbo].[location] ([location_id], [address], [city], [district], [lat], [lng], [location_name]) VALUES (139, N'中山路三段122號', N'新北市', N'中和區', NULL, NULL, N'中和區環球中和店2F活動區')
INSERT [dbo].[location] ([location_id], [address], [city], [district], [lat], [lng], [location_name]) VALUES (140, N'中山路三段122號', N'新北市', N'中和區', NULL, NULL, N'中和區環球中和店1F民有公園')
INSERT [dbo].[location] ([location_id], [address], [city], [district], [lat], [lng], [location_name]) VALUES (141, N'縣民大道二段7號2樓', N'新北市', N'板橋區', NULL, NULL, N'板橋區環球板橋店2F戶外右大門(N.Y Begals)前方空地')
INSERT [dbo].[location] ([location_id], [address], [city], [district], [lat], [lng], [location_name]) VALUES (142, N'縣民大道二段7號2樓', N'新北市', N'板橋區', NULL, NULL, N'板橋區環球板橋店2F戶外左大門(山間堂餐廳)前方空地')
INSERT [dbo].[location] ([location_id], [address], [city], [district], [lat], [lng], [location_name]) VALUES (143, N'重慶街95號', N'新北市', N'鶯歌區', NULL, NULL, N'鶯歌老街陶館戶外舞台')
INSERT [dbo].[location] ([location_id], [address], [city], [district], [lat], [lng], [location_name]) VALUES (144, N'景平路634-2號', N'新北市', N'中和區', NULL, NULL, N'中和區公所前廣場')
INSERT [dbo].[location] ([location_id], [address], [city], [district], [lat], [lng], [location_name]) VALUES (145, N'明燈路三段25號', N'新北市', N'瑞芳區', NULL, NULL, N'瑞芳分局旁區民廣場')
SET IDENTITY_INSERT [dbo].[location] OFF
ALTER TABLE location CHECK CONSTRAINT ALL;
ALTER TABLE security_user NOCHECK CONSTRAINT ALL;
SET IDENTITY_INSERT [dbo].[security_user] ON 
INSERT [dbo].[security_user] ([user_id], [account], [address], [birth], [display_name], [enabled], [favorite_location], [followers], [gender], [introduction], [mail], [member_name], [password], [photo], [register_date], [tel]) VALUES (1, N'admin', NULL, NULL, N'ADMIN_BOT', 1, NULL, 0, N'male', N'JAYEE網站的管理員', N'jasonben26@gmail.com', N'Mr.Admin', N'$2a$10$CI.TCDqxdr8xAhnkCz9oyOViGnBG5iHFFxicjcRwJORbt1IzENR7G', N'/resources/profile_image/admin.jpg', CAST(N'2019-07-01T00:00:00.0000000' AS DateTime2), N'0912345678')
INSERT [dbo].[security_user] ([user_id], [account], [address], [birth], [display_name], [enabled], [favorite_location], [followers], [gender], [introduction], [mail], [member_name], [password], [photo], [register_date], [tel]) VALUES (2, N'artist001', NULL, NULL, N'林子安', 1, NULL, 854, N'male', N'沙隆第一場也是最終場-  設計不一樣的表演 連結不同的領域 嘗試大膽的想法  創造出全世界獨一無二只有一次的感動-  大環 Cyr Wheel/ @shihhao1020  小提琴violin/ 林子安 @ Chalon-sur-Saone', N'jasonben26@gmail.com', N'林子安', N'$2a$10$neiNizDhYuoOn.W2ibfNPO/P/PHQMZ45HETVLMF7e11zcCRTORc92', N'/resources/profile_image/artist001.jpg', CAST(N'2019-07-01T00:00:00.0000000' AS DateTime2), N'0912345678')
INSERT [dbo].[security_user] ([user_id], [account], [address], [birth], [display_name], [enabled], [favorite_location], [followers], [gender], [introduction], [mail], [member_name], [password], [photo], [register_date], [tel]) VALUES (3, N'artist002', NULL, NULL, N'羅小白', 1, NULL, 978, N'female', N'真的很感謝上帝願意使用我， 讓我在教會裡面不斷地被建造被擴充， 發現每個人的需要，因此去接觸每一個人，幫助每一個人！', N'jasonben26@gmail.com', N'羅小白', N'$2a$10$neiNizDhYuoOn.W2ibfNPO/P/PHQMZ45HETVLMF7e11zcCRTORc92', N'/resources/profile_image/artist002.jpg', CAST(N'2019-07-01T00:00:00.0000000' AS DateTime2), N'0912345678')
INSERT [dbo].[security_user] ([user_id], [account], [address], [birth], [display_name], [enabled], [favorite_location], [followers], [gender], [introduction], [mail], [member_name], [password], [photo], [register_date], [tel]) VALUES (4, N'artist003', NULL, NULL, N'巴奇先生', 1, NULL, 82, N'male', N'回來台灣了！ 在虎航等行李等到什麼都沒了才想到原來我搭的是酷航.... Ta-Da!  馬上節目預告，本週末8/3、8/4下午四點開始在北投納涼祭～ 一起來納涼吧！', N'jasonben26@gmail.com', N'巴奇先生', N'$2a$10$neiNizDhYuoOn.W2ibfNPO/P/PHQMZ45HETVLMF7e11zcCRTORc92', N'/resources/profile_image/artist003.jpg', CAST(N'2019-07-01T00:00:00.0000000' AS DateTime2), N'0912345678')
INSERT [dbo].[security_user] ([user_id], [account], [address], [birth], [display_name], [enabled], [favorite_location], [followers], [gender], [introduction], [mail], [member_name], [password], [photo], [register_date], [tel]) VALUES (5, N'artist004', NULL, NULL, N'吳顥中', 1, NULL, 9, N'male', N'如果你無聊，正在懷疑人生。 這是我懷疑人生之後的成果。 點進來，我們一起懷疑人生。', N'jasonben26@gmail.com', N'吳顥中', N'$2a$10$neiNizDhYuoOn.W2ibfNPO/P/PHQMZ45HETVLMF7e11zcCRTORc92', N'/resources/profile_image/artist004.jpg', CAST(N'2019-07-01T00:00:00.0000000' AS DateTime2), N'0912345678')
INSERT [dbo].[security_user] ([user_id], [account], [address], [birth], [display_name], [enabled], [favorite_location], [followers], [gender], [introduction], [mail], [member_name], [password], [photo], [register_date], [tel]) VALUES (6, N'artist005', NULL, NULL, N'陳曼青', 1, NULL, 0, N'male', N'這麼忙?今天還是來發新cover啦！！ 很開心 有了詩歌翻唱！！ 跟馬來西亞歌手 #Edward Edward 章國偉 合作 喜歡大家喜歡！', N'jasonben26@gmail.com', N'陳曼青', N'$2a$10$neiNizDhYuoOn.W2ibfNPO/P/PHQMZ45HETVLMF7e11zcCRTORc92', N'/resources/profile_image/artist005.jpg', CAST(N'2019-07-01T00:00:00.0000000' AS DateTime2), N'0912345678')
INSERT [dbo].[security_user] ([user_id], [account], [address], [birth], [display_name], [enabled], [favorite_location], [followers], [gender], [introduction], [mail], [member_name], [password], [photo], [register_date], [tel]) VALUES (7, N'artist006', N'新北市三重區中正北路2號', NULL, N'HOLY', 1, NULL, 757, N'male', N'我自己最獨特的表演方式，包含默劇＆戲劇、小丑之類豐富的獨特演出模式！！', N'jasonben26@gmail.com', N'黃聖峰', N'$2a$10$neiNizDhYuoOn.W2ibfNPO/P/PHQMZ45HETVLMF7e11zcCRTORc92', N'/resources/profile_image/artist006.jpg', CAST(N'2019-07-01T00:00:00.0000000' AS DateTime2), N'0912345678')
INSERT [dbo].[security_user] ([user_id], [account], [address], [birth], [display_name], [enabled], [favorite_location], [followers], [gender], [introduction], [mail], [member_name], [password], [photo], [register_date], [tel]) VALUES (8, N'artist007', N'新北市土城區中央路3段105號', NULL, N'可達', 1, NULL, 126, N'male', N'氣球達人 | 氣球會場佈置 | 魔術 | 生日派對 | 婚禮 | 春酒 | 尾牙 | 開幕 | 街頭藝人 | 家庭日 | 園遊會 | 氣球教學', N'vaildiablo448@gmail.com', N'徐仕達', N'$2a$10$neiNizDhYuoOn.W2ibfNPO/P/PHQMZ45HETVLMF7e11zcCRTORc92', N'/resources/profile_image/artist007.jpg', CAST(N'2019-07-01T00:00:00.0000000' AS DateTime2), N'0912345678')
INSERT [dbo].[security_user] ([user_id], [account], [address], [birth], [display_name], [enabled], [favorite_location], [followers], [gender], [introduction], [mail], [member_name], [password], [photo], [register_date], [tel]) VALUES (9, N'artist008', N'新北市金山區磺港路171-2號', NULL, N'氣球天使', 1, NULL, 0, N'female', N'利用可塑性高的長條氣球，透過各種的捏折及組合方式，變化出各種不同的造型。', N'jasonben26@gmail.com', N'陳熒家', N'$2a$10$neiNizDhYuoOn.W2ibfNPO/P/PHQMZ45HETVLMF7e11zcCRTORc92', N'/resources/profile_image/artist008.jpg', CAST(N'2019-07-01T00:00:00.0000000' AS DateTime2), N'0912345678')
INSERT [dbo].[security_user] ([user_id], [account], [address], [birth], [display_name], [enabled], [favorite_location], [followers], [gender], [introduction], [mail], [member_name], [password], [photo], [register_date], [tel]) VALUES (10, N'artist009', N'新北市汐止區信望里信義路1號', NULL, N'阿傑老師', 1, NULL, 0, N'male', N'阿傑老師Party現場肖像漫畫', N'jasonben26@gmail.com', N'羅沛傑', N'$2a$10$neiNizDhYuoOn.W2ibfNPO/P/PHQMZ45HETVLMF7e11zcCRTORc92', N'/resources/profile_image/artist009.jpg', CAST(N'2019-07-01T00:00:00.0000000' AS DateTime2), N'0912345678')
INSERT [dbo].[security_user] ([user_id], [account], [address], [birth], [display_name], [enabled], [favorite_location], [followers], [gender], [introduction], [mail], [member_name], [password], [photo], [register_date], [tel]) VALUES (11, N'artist010', N'新北市中和區錦和路350號', NULL, N'阿奇老師', 1, NULL, 0, N'male', N'趣味人像現場活動 精細人物電腦繪圖 平面設計 插畫 漫畫', N'jasonben26@gmail.com', N' 林柏廷', N'$2a$10$neiNizDhYuoOn.W2ibfNPO/P/PHQMZ45HETVLMF7e11zcCRTORc92', N'/resources/profile_image/artist010.jpg', CAST(N'2019-07-01T00:00:00.0000000' AS DateTime2), N'0912345678')
INSERT [dbo].[security_user] ([user_id], [account], [address], [birth], [display_name], [enabled], [favorite_location], [followers], [gender], [introduction], [mail], [member_name], [password], [photo], [register_date], [tel]) VALUES (12, N'artist011', NULL, NULL, N'楊世豪', 1, NULL, 0, N'male', N'「用藝術走向世界，不去挑戰，你永遠不知道自己的極限在哪。」  我是一位上了大學才接觸到了表演藝術的人，從沒想過高中念美工科的我跑來表演', N'jasonben26@gmail.com', N'楊世豪', N'$2a$10$neiNizDhYuoOn.W2ibfNPO/P/PHQMZ45HETVLMF7e11zcCRTORc92', N'/resources/profile_image/artist011.jpg', CAST(N'2019-07-01T00:00:00.0000000' AS DateTime2), N'0912345678')
INSERT [dbo].[security_user] ([user_id], [account], [address], [birth], [display_name], [enabled], [favorite_location], [followers], [gender], [introduction], [mail], [member_name], [password], [photo], [register_date], [tel]) VALUES (13, N'artist012', NULL, NULL, N'張博威(阿威)', 1, NULL, 14, N'male', N'2012年台灣國際紀錄片雙年展開幕片【看不見的台中】男主角─阿威，也是【街頭藝人葵花寶典】的作者。 張博威【阿威】，被媒體譽為【台灣街頭藝人教父】。建國100年被媒體選為【台灣36位文創達人】之一的肯定。並且獲頒【建國百年、藝術百傑】百大藝術家的殊榮。', N'jasonben26@gmail.com', N'張博威', N'$2a$10$neiNizDhYuoOn.W2ibfNPO/P/PHQMZ45HETVLMF7e11zcCRTORc92', N'/resources/profile_image/artist012.jpg', CAST(N'2019-07-01T00:00:00.0000000' AS DateTime2), N'0912345678')
INSERT [dbo].[security_user] ([user_id], [account], [address], [birth], [display_name], [enabled], [favorite_location], [followers], [gender], [introduction], [mail], [member_name], [password], [photo], [register_date], [tel]) VALUES (14, N'artist013', NULL, NULL, N'鳥屎', 1, NULL, 0, N'male', N'請修改介紹', N'jasonben26@gmail.com', N'蘇志翔', N'$2a$10$neiNizDhYuoOn.W2ibfNPO/P/PHQMZ45HETVLMF7e11zcCRTORc92', N'/resources/profile_image/artist013.jpg', CAST(N'2019-07-01T00:00:00.0000000' AS DateTime2), N'0912345678')
INSERT [dbo].[security_user] ([user_id], [account], [address], [birth], [display_name], [enabled], [favorite_location], [followers], [gender], [introduction], [mail], [member_name], [password], [photo], [register_date], [tel]) VALUES (15, N'artist014', NULL, NULL, N'胡啟志老師', 1, NULL, 0, N'male', N'Performer and Artist specializing on Cyr Wheel Performances.  For performances around Asia or worldwide, get in touch with my agent: (+886) 936604308', N'jasonben26@gmail.com', N'胡啟志', N'$2a$10$neiNizDhYuoOn.W2ibfNPO/P/PHQMZ45HETVLMF7e11zcCRTORc92', N'/resources/profile_image/artist014.jpg', CAST(N'2019-07-01T00:00:00.0000000' AS DateTime2), N'0912345678')
INSERT [dbo].[security_user] ([user_id], [account], [address], [birth], [display_name], [enabled], [favorite_location], [followers], [gender], [introduction], [mail], [member_name], [password], [photo], [register_date], [tel]) VALUES (16, N'artist015', NULL, NULL, N'蚊子', 1, NULL, 588, N'male', N'行動雕像    活動洽詢電話：0915-050-579 蚊子  (表演時間無法接聽電話，煩請來電時留言 or 在FB私訊留言，謝謝..^^)', N'jasonben26@gmail.com', N'林嘉文', N'$2a$10$neiNizDhYuoOn.W2ibfNPO/P/PHQMZ45HETVLMF7e11zcCRTORc92', N'/resources/profile_image/artist015.jpg', CAST(N'2019-07-01T00:00:00.0000000' AS DateTime2), N'0912345678')
INSERT [dbo].[security_user] ([user_id], [account], [address], [birth], [display_name], [enabled], [favorite_location], [followers], [gender], [introduction], [mail], [member_name], [password], [photo], [register_date], [tel]) VALUES (17, N'artist016', NULL, NULL, N'森野葉子', 1, NULL, 110, N'female', N'森野葉子是著名的藝人，以不同的角色扮演聞名於整個台灣，比較著名的代表作有奈德麗、雷玟等角色。而於2014年，她正式加入香港電子競技有限公司，擔任宣傳電子競技的工作，致力推廣電子競技給台港澳的居民。而於近日更在電子競技愛情微電影《夢想人生》擔任女主角的位置。', N'jasonben26@gmail.com', N'葉小花', N'$2a$10$neiNizDhYuoOn.W2ibfNPO/P/PHQMZ45HETVLMF7e11zcCRTORc92', N'/resources/profile_image/artist016.jpg', CAST(N'2019-07-01T00:00:00.0000000' AS DateTime2), N'0912345678')
INSERT [dbo].[security_user] ([user_id], [account], [address], [birth], [display_name], [enabled], [favorite_location], [followers], [gender], [introduction], [mail], [member_name], [password], [photo], [register_date], [tel]) VALUES (18, N'artist017', NULL, NULL, N'鳳梨奕軒', 1, NULL, 692, N'male', N'嗨！我是你們的喜劇演員奕軒！', N'jasonben26@gmail.com', N'陳奕軒', N'$2a$10$neiNizDhYuoOn.W2ibfNPO/P/PHQMZ45HETVLMF7e11zcCRTORc92', N'/resources/profile_image/artist017.jpg', CAST(N'2019-07-01T00:00:00.0000000' AS DateTime2), N'0912345678')
INSERT [dbo].[security_user] ([user_id], [account], [address], [birth], [display_name], [enabled], [favorite_location], [followers], [gender], [introduction], [mail], [member_name], [password], [photo], [register_date], [tel]) VALUES (19, N'artist018', NULL, NULL, N'黃兆翊', 1, NULL, 0, N'male', N'專長／現場指定氣球造型款式、特技雜耍表演、行動藝術雕像互動、高翹彈跳翹迎賓互動', N'jasonben26@gmail.com', N'黃兆翊', N'$2a$10$neiNizDhYuoOn.W2ibfNPO/P/PHQMZ45HETVLMF7e11zcCRTORc92', N'/resources/profile_image/artist018.jpg', CAST(N'2019-07-01T00:00:00.0000000' AS DateTime2), N'0912345678')
INSERT [dbo].[security_user] ([user_id], [account], [address], [birth], [display_name], [enabled], [favorite_location], [followers], [gender], [introduction], [mail], [member_name], [password], [photo], [register_date], [tel]) VALUES (20, N'artist019', NULL, NULL, N' 江川徹', 1, NULL, 0, N'male', N'專業為薩克斯風教學，同時亦是一位充滿創造力的音樂人。', N'jasonben26@gmail.com', N' 江川徹', N'$2a$10$neiNizDhYuoOn.W2ibfNPO/P/PHQMZ45HETVLMF7e11zcCRTORc92', N'/resources/profile_image/artist019.jpg', CAST(N'2019-07-01T00:00:00.0000000' AS DateTime2), N'0912345678')
INSERT [dbo].[security_user] ([user_id], [account], [address], [birth], [display_name], [enabled], [favorite_location], [followers], [gender], [introduction], [mail], [member_name], [password], [photo], [register_date], [tel]) VALUES (21, N'artist020', NULL, NULL, N'瑟拉樂團C''est La Vie', 1, NULL, 14, N'male', N'樂團介紹： 我們是鋼琴與大提琴二重奏，演出曲目多元豐富， 橫跨中文、英文流行歌曲、電影配樂及古典樂， 感動每位停下腳步的你， 沉醉在C''est la vie的樂音中。', N'jasonben26@gmail.com', N'廖柏鈞、陳省身', N'$2a$10$neiNizDhYuoOn.W2ibfNPO/P/PHQMZ45HETVLMF7e11zcCRTORc92', N'/resources/profile_image/artist020.jpg', CAST(N'2019-07-01T00:00:00.0000000' AS DateTime2), N'0912345678')
INSERT [dbo].[security_user] ([user_id], [account], [address], [birth], [display_name], [enabled], [favorite_location], [followers], [gender], [introduction], [mail], [member_name], [password], [photo], [register_date], [tel]) VALUES (22, N'vender001', NULL, NULL, N'傑森', 1, NULL, 0, N'male', N'', N'jaso@gmail.com', N'傑森', N'$2a$10$neiNizDhYuoOn.W2ibfNPO/P/PHQMZ45HETVLMF7e11zcCRTORc92', N'/resources/profile_image/vender001.jpg', CAST(N'2019-07-01T00:00:00.0000000' AS DateTime2), N'0912345678')
INSERT [dbo].[security_user] ([user_id], [account], [address], [birth], [display_name], [enabled], [favorite_location], [followers], [gender], [introduction], [mail], [member_name], [password], [photo], [register_date], [tel]) VALUES (23, N'vender002', NULL, NULL, N'卜信惠', 1, NULL, 0, N'male', N'請修改介紹', N'jason@gmail.com', N'卜信惠', N'$2a$10$neiNizDhYuoOn.W2ibfNPO/P/PHQMZ45HETVLMF7e11zcCRTORc92', N'/resources/profile_image/vender002.jpg', CAST(N'2019-07-01T00:00:00.0000000' AS DateTime2), N'0912345678')
INSERT [dbo].[security_user] ([user_id], [account], [address], [birth], [display_name], [enabled], [favorite_location], [followers], [gender], [introduction], [mail], [member_name], [password], [photo], [register_date], [tel]) VALUES (24, N'vender003', NULL, NULL, N'王一信', 1, NULL, 0, N'male', N'請修改介紹', N'jaso@gmail.com', N'王一信', N'$2a$10$neiNizDhYuoOn.W2ibfNPO/P/PHQMZ45HETVLMF7e11zcCRTORc92', N'/resources/profile_image/vender003.jpg', CAST(N'2019-07-01T00:00:00.0000000' AS DateTime2), N'0912345678')
INSERT [dbo].[security_user] ([user_id], [account], [address], [birth], [display_name], [enabled], [favorite_location], [followers], [gender], [introduction], [mail], [member_name], [password], [photo], [register_date], [tel]) VALUES (25, N'vender004', NULL, NULL, N'陳美芳', 1, NULL, 0, N'male', N'請修改介紹', N'26@gmail.com', N'陳美芳', N'$2a$10$neiNizDhYuoOn.W2ibfNPO/P/PHQMZ45HETVLMF7e11zcCRTORc92', N'/resources/profile_image/vender004.jpg', CAST(N'2019-07-01T00:00:00.0000000' AS DateTime2), N'0912345678')
INSERT [dbo].[security_user] ([user_id], [account], [address], [birth], [display_name], [enabled], [favorite_location], [followers], [gender], [introduction], [mail], [member_name], [password], [photo], [register_date], [tel]) VALUES (26, N'vender005', NULL, NULL, N'李欣慧', 1, NULL, 0, N'male', N'請修改介紹', N'jason26@gmail.com', N'李欣慧', N'$2a$10$neiNizDhYuoOn.W2ibfNPO/P/PHQMZ45HETVLMF7e11zcCRTORc92', N'/resources/profile_image/vender005.jpg', CAST(N'2019-07-01T00:00:00.0000000' AS DateTime2), N'0912345678')
SET IDENTITY_INSERT [dbo].[security_user] OFF
ALTER TABLE security_user CHECK CONSTRAINT ALL;
ALTER TABLE activity NOCHECK CONSTRAINT ALL;
SET IDENTITY_INSERT [dbo].[activity] ON 
INSERT [dbo].[activity] ([activity_id], [activity_status], [artist], [awesome_num], [begin_time], [description], [end_time], [location_id], [name], [noticed], [perf_type], [usera_id]) VALUES (27, 1, N'林子安', 356, CAST(N'2019-08-04T18:00:00.0000000' AS DateTime2), N'快來和我一起陶醉在音符裡吧!!', CAST(N'2019-08-04T19:30:00.0000000' AS DateTime2), 2, N'當古典遇上流行', 0, N'表演藝術', 2)
INSERT [dbo].[activity] ([activity_id], [activity_status], [artist], [awesome_num], [begin_time], [description], [end_time], [location_id], [name], [noticed], [perf_type], [usera_id]) VALUES (28, 2, N'楊世豪', 0, CAST(N'2019-07-30T04:06:00.0000000' AS DateTime2), N'「用藝術走向世界，不去挑戰，你永遠不知道自己的極限在哪。」', CAST(N'2019-07-31T09:05:00.0000000' AS DateTime2), 2, N'環環相扣', 0, N'表演藝術', 12)
INSERT [dbo].[activity] ([activity_id], [activity_status], [artist], [awesome_num], [begin_time], [description], [end_time], [location_id], [name], [noticed], [perf_type], [usera_id]) VALUES (29, 1, N'羅小白', 0, CAST(N'2019-08-10T15:00:00.0000000' AS DateTime2), N'這次表演在大安森林公園喔~下午有空的話全家人一起來公園走走吧!我不會太吵，應該吧，哈哈。', CAST(N'2019-09-08T17:00:00.0000000' AS DateTime2), 1, N'卜此克此此卜克此', 0, N'表演藝術', 3)
INSERT [dbo].[activity] ([activity_id], [activity_status], [artist], [awesome_num], [begin_time], [description], [end_time], [location_id], [name], [noticed], [perf_type], [usera_id]) VALUES (30, 2, N'瑟拉樂團C''est La Vie', 463, CAST(N'2019-07-27T16:00:00.0000000' AS DateTime2), N'上一次在信義區巧遇周興哲這次又遇「犯規女神」張語噥，不知道這次還能巧遇誰呢？', CAST(N'2019-07-27T20:00:00.0000000' AS DateTime2), 41, N'信義街頭音樂饗宴', 0, N'表演藝術', 21)
INSERT [dbo].[activity] ([activity_id], [activity_status], [artist], [awesome_num], [begin_time], [description], [end_time], [location_id], [name], [noticed], [perf_type], [usera_id]) VALUES (31, 1, N'森野葉子', 426, CAST(N'2019-08-03T14:00:00.0000000' AS DateTime2), N'自由新鎮鎮民重新集合！想合照的快來哦！', CAST(N'2019-08-03T20:00:00.0000000' AS DateTime2), 35, N'FF34動漫開拓番外篇', 0, N'視覺藝術', 17)
INSERT [dbo].[activity] ([activity_id], [activity_status], [artist], [awesome_num], [begin_time], [description], [end_time], [location_id], [name], [noticed], [perf_type], [usera_id]) VALUES (32, 1, N'羅小白', 533, CAST(N'2019-08-18T16:00:00.0000000' AS DateTime2), N'躺在樹蔭下，閉上眼睛，聽我鼓聲~~', CAST(N'2019-08-18T17:00:00.0000000' AS DateTime2), 25, N'獨一無二', 0, N'表演藝術', 3)
INSERT [dbo].[activity] ([activity_id], [activity_status], [artist], [awesome_num], [begin_time], [description], [end_time], [location_id], [name], [noticed], [perf_type], [usera_id]) VALUES (33, 1, N'阿奇老師', 0, CAST(N'2019-08-01T13:30:00.0000000' AS DateTime2), N'新活動!!~~在暑假的小屁孩肆虐中出征!!~還請賞光過來看一看!!~~', CAST(N'2019-08-01T16:50:00.0000000' AS DateTime2), 4, N'人像Q版漫畫', 0, N'創意藝術', 11)
INSERT [dbo].[activity] ([activity_id], [activity_status], [artist], [awesome_num], [begin_time], [description], [end_time], [location_id], [name], [noticed], [perf_type], [usera_id]) VALUES (34, 2, N'黃兆翊', 0, CAST(N'2019-06-10T15:00:00.0000000' AS DateTime2), N'想近距離觀賞魔術般的氣球嗎？快來和我一起共襄盛舉吧！', CAST(N'2019-06-10T17:00:00.0000000' AS DateTime2), 77, N'氣球魔術', 0, N'創意藝術', 19)
INSERT [dbo].[activity] ([activity_id], [activity_status], [artist], [awesome_num], [begin_time], [description], [end_time], [location_id], [name], [noticed], [perf_type], [usera_id]) VALUES (35, 1, N'阿傑老師', 0, CAST(N'2019-08-02T15:20:00.0000000' AS DateTime2), N'使用水彩將人像以漫畫的方式表現，頭大身型小的比例為創作方向！！！', CAST(N'2019-08-03T19:30:00.0000000' AS DateTime2), 5, N'東區地下街人像漫畫活動', 0, N'創意藝術', 10)
INSERT [dbo].[activity] ([activity_id], [activity_status], [artist], [awesome_num], [begin_time], [description], [end_time], [location_id], [name], [noticed], [perf_type], [usera_id]) VALUES (36, 1, N'巴奇先生', 0, CAST(N'2019-08-21T16:00:00.0000000' AS DateTime2), N'希望不要太熱哈哈', CAST(N'2019-08-21T17:00:00.0000000' AS DateTime2), 65, N'破銅爛鐵台灣的', 0, N'視覺藝術', 4)
INSERT [dbo].[activity] ([activity_id], [activity_status], [artist], [awesome_num], [begin_time], [description], [end_time], [location_id], [name], [noticed], [perf_type], [usera_id]) VALUES (37, 1, N'鳳梨奕軒', 0, CAST(N'2020-01-04T08:00:00.0000000' AS DateTime2), N'明年街藝幻想曲即將在台北開跑！大家千萬別錯過囉~', CAST(N'2020-01-05T18:00:00.0000000' AS DateTime2), 27, N'街藝幻想曲2020在台北！', 0, N'表演藝術', 18)
INSERT [dbo].[activity] ([activity_id], [activity_status], [artist], [awesome_num], [begin_time], [description], [end_time], [location_id], [name], [noticed], [perf_type], [usera_id]) VALUES (38, 1, N'氣球天使', 3, CAST(N'2019-08-03T13:20:00.0000000' AS DateTime2), N'以《美女與野獸》中「貝兒」公主的經典形象出場，伴隨著歡樂的樂曲起舞，手中氣球瞬間變化出一朵朵盛開的「玫瑰」，夢幻般的表演贏得陣陣熱烈掌聲。', CAST(N'2019-08-03T19:30:00.0000000' AS DateTime2), 3, N'「氣球天使」舞熱台灣', 0, N'表演藝術', 9)
INSERT [dbo].[activity] ([activity_id], [activity_status], [artist], [awesome_num], [begin_time], [description], [end_time], [location_id], [name], [noticed], [perf_type], [usera_id]) VALUES (39, 1, N'吳顥中', 0, CAST(N'2019-08-10T17:00:00.0000000' AS DateTime2), N'放心，不會打到你的...吧？', CAST(N'2019-08-10T19:00:00.0000000' AS DateTime2), 43, N'扯上天了', 0, N'視覺藝術', 5)
INSERT [dbo].[activity] ([activity_id], [activity_status], [artist], [awesome_num], [begin_time], [description], [end_time], [location_id], [name], [noticed], [perf_type], [usera_id]) VALUES (40, 1, N'氣球好酸林-可達', 0, CAST(N'2019-08-01T13:00:00.0000000' AS DateTime2), N'貓貓狗狗熊熊兔兔，所以可達希望來參加派對的孩子們，能夠拿到稍微不一樣的氣球!', CAST(N'2019-08-01T19:00:00.0000000' AS DateTime2), 2, N'現場氣球活動', 0, N'表演藝術', 8)
INSERT [dbo].[activity] ([activity_id], [activity_status], [artist], [awesome_num], [begin_time], [description], [end_time], [location_id], [name], [noticed], [perf_type], [usera_id]) VALUES (41, 1, N'HOLY', 0, CAST(N'2019-08-04T09:00:00.0000000' AS DateTime2), N'活動現場有冰品跟台啤，以及街頭藝人HOLY歡樂搞笑的街頭表演，歡迎各位前往一同參與活動！', CAST(N'2019-08-04T17:00:00.0000000' AS DateTime2), 57, N'西門町街頭表演', 0, N'表演藝術', 7)
INSERT [dbo].[activity] ([activity_id], [activity_status], [artist], [awesome_num], [begin_time], [description], [end_time], [location_id], [name], [noticed], [perf_type], [usera_id]) VALUES (43, 2, N'胡啟志老師', 0, CAST(N'2019-07-23T00:00:00.0000000' AS DateTime2), N'5年來在台北街頭演出特技的胡啟志，「水晶球達人」胡啟志，從台北街頭發跡,不斷磨練實力,經常在熱鬧聚集圍人群的信義計畫區做街頭表演，這個光頭男生光著上半身，配合音樂雙手輕捧著水晶球,身體結合著鐵環的翻滾,真是結合力與美,勇敢,自信的驚人高難度表演。', CAST(N'2019-07-24T00:00:00.0000000' AS DateTime2), 36, N'啟智老師轉圈圈', 0, N'創意藝術', 15)
INSERT [dbo].[activity] ([activity_id], [activity_status], [artist], [awesome_num], [begin_time], [description], [end_time], [location_id], [name], [noticed], [perf_type], [usera_id]) VALUES (44, 2, N'可達', 0, CAST(N'2019-07-20T14:20:00.0000000' AS DateTime2), N'氣球葛格，帶給小朋友歡樂就是我的使命啊!', CAST(N'2019-07-20T20:35:00.0000000' AS DateTime2), 109, N'氣球可達來囉!', 0, N'視覺藝術', 8)
INSERT [dbo].[activity] ([activity_id], [activity_status], [artist], [awesome_num], [begin_time], [description], [end_time], [location_id], [name], [noticed], [perf_type], [usera_id]) VALUES (45, 0, N' 江川徹', 0, CAST(N'2019-07-22T19:00:00.0000000' AS DateTime2), N'享受江川徹浪漫的薩克斯風吧', CAST(N'2019-07-31T22:00:00.0000000' AS DateTime2), 76, N'薩克斯風浪漫之夜', 0, N'創意藝術', 20)
INSERT [dbo].[activity] ([activity_id], [activity_status], [artist], [awesome_num], [begin_time], [description], [end_time], [location_id], [name], [noticed], [perf_type], [usera_id]) VALUES (46, 2, N'羅小白', 0, CAST(N'2019-07-24T00:00:00.0000000' AS DateTime2), N'小白的個人表演秀，喜歡我的記得要來看喔!!', CAST(N'2019-07-25T00:00:00.0000000' AS DateTime2), 58, N'小白之太鼓達人', 0, N'表演藝術', 3)
SET IDENTITY_INSERT [dbo].[activity] OFF
ALTER TABLE activity CHECK CONSTRAINT ALL;
ALTER TABLE user_follow_act NOCHECK CONSTRAINT ALL;
INSERT [dbo].[user_follow_act] ([activity_id], [user_id]) VALUES (32, 27)
ALTER TABLE user_follow_act CHECK CONSTRAINT ALL;
ALTER TABLE forum NOCHECK CONSTRAINT ALL;
SET IDENTITY_INSERT [dbo].[forum] ON 
INSERT [dbo].[forum] ([forum_id], [comment], [comment_date], [dislike_count], [forum_board], [like_count], [ref_comment_id], [ref_id], [user_name], [user_photo]) VALUES (1, N'大家好我是薔薔4', CAST(N'2019-05-25T18:13:21.0000000' AS DateTime2), 0, N'Performance', 0, 0, 1, N'薔薔4', NULL)
INSERT [dbo].[forum] ([forum_id], [comment], [comment_date], [dislike_count], [forum_board], [like_count], [ref_comment_id], [ref_id], [user_name], [user_photo]) VALUES (2, N'我真有那麼尷尬嗎？4', CAST(N'2019-05-22T13:50:02.0000000' AS DateTime2), 10, N'Activity', 5, 1, 2, N'博恩4', NULL)
INSERT [dbo].[forum] ([forum_id], [comment], [comment_date], [dislike_count], [forum_board], [like_count], [ref_comment_id], [ref_id], [user_name], [user_photo]) VALUES (3, N'流星雨揪團', CAST(N'2006-03-04T13:14:55.0000000' AS DateTime2), 0, N'Performance', 0, 1, 2, N'豬孝天', NULL)
INSERT [dbo].[forum] ([forum_id], [comment], [comment_date], [dislike_count], [forum_board], [like_count], [ref_comment_id], [ref_id], [user_name], [user_photo]) VALUES (4, N'不要再冒充我了！', CAST(N'2019-05-28T20:00:27.0000000' AS DateTime2), 0, N'Activity', 0, 1, 2, N'永和金城武', NULL)
INSERT [dbo].[forum] ([forum_id], [comment], [comment_date], [dislike_count], [forum_board], [like_count], [ref_comment_id], [ref_id], [user_name], [user_photo]) VALUES (5, N'以前你偶爾聽，現在你應該天天聽', CAST(N'2006-03-04T13:14:55.0000000' AS DateTime2), 0, N'Article', 0, 1, 2, N'大中天', NULL)
INSERT [dbo].[forum] ([forum_id], [comment], [comment_date], [dislike_count], [forum_board], [like_count], [ref_comment_id], [ref_id], [user_name], [user_photo]) VALUES (6, N'我已經買了zzZ', CAST(N'2019-05-28T20:00:27.0000000' AS DateTime2), 0, N'Article', 0, 1, 2, N'大平台', NULL)
INSERT [dbo].[forum] ([forum_id], [comment], [comment_date], [dislike_count], [forum_board], [like_count], [ref_comment_id], [ref_id], [user_name], [user_photo]) VALUES (7, N'好可愛', CAST(N'2006-03-04T13:14:55.0000000' AS DateTime2), 5, N'Performance', 10, 0, 7, N'JayeeAdm', N'/resources/profile_image/artist004.jpg')
INSERT [dbo].[forum] ([forum_id], [comment], [comment_date], [dislike_count], [forum_board], [like_count], [ref_comment_id], [ref_id], [user_name], [user_photo]) VALUES (8, N'我覺得不行', CAST(N'2006-03-04T13:14:55.0000000' AS DateTime2), 0, N'Performance', 3, 0, 7, N'大中天', N'/resources/profile_image/artist004.jpg')
INSERT [dbo].[forum] ([forum_id], [comment], [comment_date], [dislike_count], [forum_board], [like_count], [ref_comment_id], [ref_id], [user_name], [user_photo]) VALUES (9, N'好狗命', CAST(N'2019-05-28T20:00:27.0000000' AS DateTime2), 58, N'Performance', 7, 7, 7, N'大平台', N'/resources/profile_image/artist002.jpg')
INSERT [dbo].[forum] ([forum_id], [comment], [comment_date], [dislike_count], [forum_board], [like_count], [ref_comment_id], [ref_id], [user_name], [user_photo]) VALUES (10, N'梗也太老了', CAST(N'2019-05-28T20:00:27.0000000' AS DateTime2), 0, N'Performance', 1, 8, 7, N'大平台', N'/resources/profile_image/artist002.jpg')
INSERT [dbo].[forum] ([forum_id], [comment], [comment_date], [dislike_count], [forum_board], [like_count], [ref_comment_id], [ref_id], [user_name], [user_photo]) VALUES (11, N'ㄏㄏ', CAST(N'2019-05-28T20:00:27.0000000' AS DateTime2), 99, N'Performance', 0, 7, 7, N'JayeeAdm', N'/resources/profile_image/artist002.jpg')
INSERT [dbo].[forum] ([forum_id], [comment], [comment_date], [dislike_count], [forum_board], [like_count], [ref_comment_id], [ref_id], [user_name], [user_photo]) VALUES (12, N'超精彩的！！
沒想到可以遇上叮噹，
還能合作，
我也要啦~~~~~', CAST(N'2019-07-31T17:42:07.1560000' AS DateTime2), 0, N'Article', 1, 0, 4, N'巴奇先生', N'/resources/profile_image/artist003.jpg')
INSERT [dbo].[forum] ([forum_id], [comment], [comment_date], [dislike_count], [forum_board], [like_count], [ref_comment_id], [ref_id], [user_name], [user_photo]) VALUES (13, N'捕獲野生的87先生!!', CAST(N'2019-07-31T17:44:47.7270000' AS DateTime2), 0, N'Article', 2, 12, 4, N'陳曼青', N'/resources/profile_image/artist005.jpg')
INSERT [dbo].[forum] ([forum_id], [comment], [comment_date], [dislike_count], [forum_board], [like_count], [ref_comment_id], [ref_id], [user_name], [user_photo]) VALUES (14, N'這文也太ㄎㄧㄤ了吧哈哈
改天來鬥鼓阿~', CAST(N'2019-07-31T17:45:32.6320000' AS DateTime2), 1, N'Article', 0, 0, 5, N'陳曼青', N'/resources/profile_image/artist005.jpg')
INSERT [dbo].[forum] ([forum_id], [comment], [comment_date], [dislike_count], [forum_board], [like_count], [ref_comment_id], [ref_id], [user_name], [user_photo]) VALUES (15, N'超真實的，
我家也有養貓，
個性和習慣都唯妙唯肖欸！', CAST(N'2019-07-31T18:17:38.4130000' AS DateTime2), 0, N'Article', 0, 0, 3, N'羅小白', N'/resources/profile_image/artist002.jpg')
INSERT [dbo].[forum] ([forum_id], [comment], [comment_date], [dislike_count], [forum_board], [like_count], [ref_comment_id], [ref_id], [user_name], [user_photo]) VALUES (16, N'扯鈴男孩耶~~', CAST(N'2019-07-31T18:25:23.0180000' AS DateTime2), 0, N'Article', 0, 0, 7, N'陳曼青', N'/resources/profile_image/artist005.jpg')
INSERT [dbo].[forum] ([forum_id], [comment], [comment_date], [dislike_count], [forum_board], [like_count], [ref_comment_id], [ref_id], [user_name], [user_photo]) VALUES (17, N'不知道大家覺得如何呢~~', CAST(N'2019-07-31T18:36:33.6540000' AS DateTime2), 0, N'Performance', 5, 0, 28, N'林子安', N'/resources/profile_image/artist001.jpg')
INSERT [dbo].[forum] ([forum_id], [comment], [comment_date], [dislike_count], [forum_board], [like_count], [ref_comment_id], [ref_id], [user_name], [user_photo]) VALUES (18, N'鳳梨哥哥~~', CAST(N'2019-07-31T18:37:35.9910000' AS DateTime2), 0, N'Article', 0, 0, 6, N'林子安', N'/resources/profile_image/artist001.jpg')
INSERT [dbo].[forum] ([forum_id], [comment], [comment_date], [dislike_count], [forum_board], [like_count], [ref_comment_id], [ref_id], [user_name], [user_photo]) VALUES (19, N'台灣之光!', CAST(N'2019-07-31T18:39:48.8670000' AS DateTime2), 0, N'Article', 0, 0, 7, N'林子安', N'/resources/profile_image/artist001.jpg')
INSERT [dbo].[forum] ([forum_id], [comment], [comment_date], [dislike_count], [forum_board], [like_count], [ref_comment_id], [ref_id], [user_name], [user_photo]) VALUES (20, N'這臉一看就知道有整', CAST(N'2019-07-31T18:41:05.7910000' AS DateTime2), 1, N'Activity', 0, 0, 31, N'可達', N'/resources/profile_image/artist007.jpg')
INSERT [dbo].[forum] ([forum_id], [comment], [comment_date], [dislike_count], [forum_board], [like_count], [ref_comment_id], [ref_id], [user_name], [user_photo]) VALUES (21, N'挖賽！我下午也在旁邊耶！', CAST(N'2019-07-31T18:41:06.5200000' AS DateTime2), 0, N'Article', 0, 0, 4, N'鳳梨奕軒', N'/resources/profile_image/artist017.jpg')
INSERT [dbo].[forum] ([forum_id], [comment], [comment_date], [dislike_count], [forum_board], [like_count], [ref_comment_id], [ref_id], [user_name], [user_photo]) VALUES (22, N'好有感覺喔!!
用小提琴表現，
別有一番風味阿!', CAST(N'2019-07-31T18:42:17.2650000' AS DateTime2), 1, N'Performance', 2, 0, 28, N'羅小白', N'/resources/profile_image/artist002.jpg')
INSERT [dbo].[forum] ([forum_id], [comment], [comment_date], [dislike_count], [forum_board], [like_count], [ref_comment_id], [ref_id], [user_name], [user_photo]) VALUES (24, N'巴奇先生好帥~~
阿民好醜....', CAST(N'2019-07-31T18:42:17.3080000' AS DateTime2), 0, N'Performance', 1, 0, 33, N'可達', N'/resources/profile_image/artist007.jpg')
INSERT [dbo].[forum] ([forum_id], [comment], [comment_date], [dislike_count], [forum_board], [like_count], [ref_comment_id], [ref_id], [user_name], [user_photo]) VALUES (25, NULL, CAST(N'2019-07-31T18:42:39.8800000' AS DateTime2), 0, N'Performance', 0, NULL, 28, N'鳳梨奕軒', N'/resources/profile_image/artist017.jpg')
INSERT [dbo].[forum] ([forum_id], [comment], [comment_date], [dislike_count], [forum_board], [like_count], [ref_comment_id], [ref_id], [user_name], [user_photo]) VALUES (26, N'我覺得其實可以', CAST(N'2019-07-31T18:42:46.0030000' AS DateTime2), 0, N'Performance', 0, 17, 28, N'可達', N'/resources/profile_image/artist007.jpg')
INSERT [dbo].[forum] ([forum_id], [comment], [comment_date], [dislike_count], [forum_board], [like_count], [ref_comment_id], [ref_id], [user_name], [user_photo]) VALUES (27, N'邊走邊拉！', CAST(N'2019-07-31T18:42:50.5290000' AS DateTime2), 1, N'Performance', 1, 17, 28, N'鳳梨奕軒', N'/resources/profile_image/artist017.jpg')
INSERT [dbo].[forum] ([forum_id], [comment], [comment_date], [dislike_count], [forum_board], [like_count], [ref_comment_id], [ref_id], [user_name], [user_photo]) VALUES (29, N'感覺版大跟照片長得很不一樣欸', CAST(N'2019-07-31T18:43:49.1020000' AS DateTime2), 0, N'Performance', 0, 0, 28, N'可達', N'/resources/profile_image/artist007.jpg')
INSERT [dbo].[forum] ([forum_id], [comment], [comment_date], [dislike_count], [forum_board], [like_count], [ref_comment_id], [ref_id], [user_name], [user_photo]) VALUES (30, N'心美人也...美^^', CAST(N'2019-07-31T18:44:00.6250000' AS DateTime2), 0, N'Article', 1, 0, 9, N'羅小白', N'/resources/profile_image/artist002.jpg')
INSERT [dbo].[forum] ([forum_id], [comment], [comment_date], [dislike_count], [forum_board], [like_count], [ref_comment_id], [ref_id], [user_name], [user_photo]) VALUES (31, N'讚', CAST(N'2019-07-31T18:44:26.0470000' AS DateTime2), 0, N'Article', 0, 0, 4, N'蚊子', N'/resources/profile_image/artist015.jpg')
INSERT [dbo].[forum] ([forum_id], [comment], [comment_date], [dislike_count], [forum_board], [like_count], [ref_comment_id], [ref_id], [user_name], [user_photo]) VALUES (32, N'支持', CAST(N'2019-07-31T18:44:40.2660000' AS DateTime2), 0, N'Article', 1, 0, 9, N'蚊子', N'/resources/profile_image/artist015.jpg')
INSERT [dbo].[forum] ([forum_id], [comment], [comment_date], [dislike_count], [forum_board], [like_count], [ref_comment_id], [ref_id], [user_name], [user_photo]) VALUES (33, N'好聽', CAST(N'2019-07-31T18:44:54.7760000' AS DateTime2), 0, N'Activity', 0, 0, 30, N'蚊子', N'/resources/profile_image/artist015.jpg')
INSERT [dbo].[forum] ([forum_id], [comment], [comment_date], [dislike_count], [forum_board], [like_count], [ref_comment_id], [ref_id], [user_name], [user_photo]) VALUES (35, N'想看', CAST(N'2019-07-31T18:45:18.9380000' AS DateTime2), 0, N'Article', 0, 0, 6, N'吳顥中', N'/resources/profile_image/artist004.jpg')
INSERT [dbo].[forum] ([forum_id], [comment], [comment_date], [dislike_count], [forum_board], [like_count], [ref_comment_id], [ref_id], [user_name], [user_photo]) VALUES (36, NULL, CAST(N'2019-07-31T18:45:36.2500000' AS DateTime2), 0, N'Activity', 0, NULL, 31, N'吳顥中', N'/resources/profile_image/artist004.jpg')
INSERT [dbo].[forum] ([forum_id], [comment], [comment_date], [dislike_count], [forum_board], [like_count], [ref_comment_id], [ref_id], [user_name], [user_photo]) VALUES (37, N'這麼兇不好吧', CAST(N'2019-07-31T18:46:05.7610000' AS DateTime2), 0, N'Activity', 0, 20, 31, N'吳顥中', N'/resources/profile_image/artist004.jpg')
INSERT [dbo].[forum] ([forum_id], [comment], [comment_date], [dislike_count], [forum_board], [like_count], [ref_comment_id], [ref_id], [user_name], [user_photo]) VALUES (38, N'讚', CAST(N'2019-07-31T18:49:08.0700000' AS DateTime2), 0, N'Article', 0, 0, 8, N'吳顥中', N'/resources/profile_image/artist004.jpg')
INSERT [dbo].[forum] ([forum_id], [comment], [comment_date], [dislike_count], [forum_board], [like_count], [ref_comment_id], [ref_id], [user_name], [user_photo]) VALUES (39, N'美', CAST(N'2019-07-31T18:50:25.5090000' AS DateTime2), 0, N'Article', 0, 0, 5, N'楊世豪', N'/resources/profile_image/artist011.jpg')
INSERT [dbo].[forum] ([forum_id], [comment], [comment_date], [dislike_count], [forum_board], [like_count], [ref_comment_id], [ref_id], [user_name], [user_photo]) VALUES (40, N'真假', CAST(N'2019-07-31T18:51:13.2700000' AS DateTime2), 0, N'Performance', 0, 0, 47, N'楊世豪', N'/resources/profile_image/artist011.jpg')
INSERT [dbo].[forum] ([forum_id], [comment], [comment_date], [dislike_count], [forum_board], [like_count], [ref_comment_id], [ref_id], [user_name], [user_photo]) VALUES (41, N'推一個', CAST(N'2019-07-31T19:08:50.4670000' AS DateTime2), 0, N'Performance', 0, 22, 28, N'陳曼青', N'/resources/profile_image/artist005.jpg')
INSERT [dbo].[forum] ([forum_id], [comment], [comment_date], [dislike_count], [forum_board], [like_count], [ref_comment_id], [ref_id], [user_name], [user_photo]) VALUES (43, N'ADAD', CAST(N'2019-07-31T19:17:37.0620000' AS DateTime2), 0, N'Activity', 1, 0, 32, N'trtc', N'admin.jpg')
SET IDENTITY_INSERT [dbo].[forum] OFF
ALTER TABLE forum CHECK CONSTRAINT ALL;
ALTER TABLE user_forumdislike NOCHECK CONSTRAINT ALL;
INSERT [dbo].[user_forumdislike] ([forum_id], [user_id]) VALUES (14, 6)
INSERT [dbo].[user_forumdislike] ([forum_id], [user_id]) VALUES (27, 3)
INSERT [dbo].[user_forumdislike] ([forum_id], [user_id]) VALUES (22, 8)
INSERT [dbo].[user_forumdislike] ([forum_id], [user_id]) VALUES (20, 5)
ALTER TABLE user_forumdislike CHECK CONSTRAINT ALL;
ALTER TABLE user_forumlike NOCHECK CONSTRAINT ALL;
INSERT [dbo].[user_forumlike] ([forum_id], [user_id]) VALUES (13, 6)
INSERT [dbo].[user_forumlike] ([forum_id], [user_id]) VALUES (12, 6)
INSERT [dbo].[user_forumlike] ([forum_id], [user_id]) VALUES (17, 2)
INSERT [dbo].[user_forumlike] ([forum_id], [user_id]) VALUES (13, 18)
INSERT [dbo].[user_forumlike] ([forum_id], [user_id]) VALUES (17, 18)
INSERT [dbo].[user_forumlike] ([forum_id], [user_id]) VALUES (17, 22)
INSERT [dbo].[user_forumlike] ([forum_id], [user_id]) VALUES (17, 3)
INSERT [dbo].[user_forumlike] ([forum_id], [user_id]) VALUES (22, 3)
INSERT [dbo].[user_forumlike] ([forum_id], [user_id]) VALUES (24, 8)
INSERT [dbo].[user_forumlike] ([forum_id], [user_id]) VALUES (17, 6)
INSERT [dbo].[user_forumlike] ([forum_id], [user_id]) VALUES (27, 6)
INSERT [dbo].[user_forumlike] ([forum_id], [user_id]) VALUES (22, 6)
INSERT [dbo].[user_forumlike] ([forum_id], [user_id]) VALUES (43, 27)
INSERT [dbo].[user_forumlike] ([forum_id], [user_id]) VALUES (30, 4)
INSERT [dbo].[user_forumlike] ([forum_id], [user_id]) VALUES (32, 4)
ALTER TABLE user_forumlike CHECK CONSTRAINT ALL;
ALTER TABLE vender NOCHECK CONSTRAINT ALL;
SET IDENTITY_INSERT [dbo].[vender] ON 
INSERT [dbo].[vender] ([vender_id], [address], [city], [contact_person], [district], [img], [introduction], [lat], [lng], [max_people], [name], [phone], [user_id]) VALUES (1, N'安和路二段211號', N'台北市', N'劉先生', N'大安區', N'/resources/vender_image/1.jpg', N'在英國利物浦有一家小小的PUB，因為Beatles的駐唱而聲名大噪。而今日台北街頭也有這樣的一個地方。演唱者實力備受矚目，如果你已是EZ5一百多萬名忠實聽眾中的一員，讓我們邀請你一起進入EZ-5的世界。', 25.0260149, 121.550337, 50, N'EZ5音樂餐廳', N'0227383995', 22)
INSERT [dbo].[vender] ([vender_id], [address], [city], [contact_person], [district], [img], [introduction], [lat], [lng], [max_people], [name], [phone], [user_id]) VALUES (2, N' 建國北路一段156號', N'台北市', N'陳先生', N'中山區', N'/resources/vender_image/2.jpg', N'每天都有固定Live Band演出！相關節目以店家粉絲團公告為主', 25.0516328, 121.5341573, 40, N'Music Corner角落音樂餐廳', N'0225043688', 23)
INSERT [dbo].[vender] ([vender_id], [address], [city], [contact_person], [district], [img], [introduction], [lat], [lng], [max_people], [name], [phone], [user_id]) VALUES (3, N'長安東路二段78號', N'台北市', N'彭先生', N'中山區', N'/resources/vender_image/3.jpg', N'2008年、兩位愛好音樂的朋友，以女性柔和的思考線條，在 【LOTUS音樂餐廳】 ，您就是演唱會的巨星，絕對有別於您以往的歌唱經驗！', 25.0483426, 121.5317147, 60, N'LOTUS 音樂餐廳', N' 0223468888', 24)
INSERT [dbo].[vender] ([vender_id], [address], [city], [contact_person], [district], [img], [introduction], [lat], [lng], [max_people], [name], [phone], [user_id]) VALUES (4, N'長安東路二段78號', N'台北市', N'王先生', N'松山區', N'/resources/vender_image/4.jpg', N'歡迎來我們餐聽用餐，我們週五公休', 25.053266699999998, 121.5454472, 55, N'HOOTERS美式餐廳', N'0227165168', 25)
INSERT [dbo].[vender] ([vender_id], [address], [city], [contact_person], [district], [img], [introduction], [lat], [lng], [max_people], [name], [phone], [user_id]) VALUES (5, N'新生南路二段72號', N'台北市', N'王先生', N'大安區', N'/resources/vender_image/5.jpg', N'歡迎來我們餐聽用餐，我們週五公休', 25.0275579, 121.5354263, 70, N'INDONESIAN FOOD', N'02 2393 5995', 26)
SET IDENTITY_INSERT [dbo].[vender] OFF
ALTER TABLE vender CHECK CONSTRAINT ALL;
ALTER TABLE job NOCHECK CONSTRAINT ALL;
SET IDENTITY_INSERT [dbo].[job] ON 
INSERT [dbo].[job] ([job_id], [address], [city], [detal], [district], [job_time], [job_type], [name], [reward], [status], [vender_name], [user_id], [vender_id]) VALUES (1, N'安和路二段211號', N'台北市', N'經驗要求5年以上', N'大安區', CAST(N'2019-07-15T12:00:00.0000000' AS DateTime2), N'聽覺藝術', N'誠徵鼓手一名', 1000, N'未應聘', N'EZ5音樂餐廳', NULL, 1)
INSERT [dbo].[job] ([job_id], [address], [city], [detal], [district], [job_time], [job_type], [name], [reward], [status], [vender_name], [user_id], [vender_id]) VALUES (2, N'安和路二段211號', N'台北市', N'經驗要求5年以上', N'大安區', CAST(N'2019-07-16T12:00:00.0000000' AS DateTime2), N'聽覺藝術', N'誠徵吉他手一名', 1000, N'未應聘', N'EZ5音樂餐廳', NULL, 1)
INSERT [dbo].[job] ([job_id], [address], [city], [detal], [district], [job_time], [job_type], [name], [reward], [status], [vender_name], [user_id], [vender_id]) VALUES (3, N'安和路二段211號', N'台北市', N'有舞台經驗佳', N'大安區', CAST(N'2019-07-17T12:00:00.0000000' AS DateTime2), N'表演藝術', N'誠徵搞笑演員一名', 1000, N'未應聘', N'EZ5音樂餐廳', NULL, 1)
INSERT [dbo].[job] ([job_id], [address], [city], [detal], [district], [job_time], [job_type], [name], [reward], [status], [vender_name], [user_id], [vender_id]) VALUES (4, N' 建國北路一段156號', N'台北市', N'需舞台魔術表演', N'中山區', CAST(N'2019-07-20T17:00:00.0000000' AS DateTime2), N'表演藝術', N'誠徵魔術師', 2000, N'未應聘', N'Music Corner角落音樂餐廳', NULL, 2)
INSERT [dbo].[job] ([job_id], [address], [city], [detal], [district], [job_time], [job_type], [name], [reward], [status], [vender_name], [user_id], [vender_id]) VALUES (5, N'長安東路二段78號', N'台北市', N'經驗不限，需炒熱氣氛', N'中山區', CAST(N'2019-07-19T12:00:00.0000000' AS DateTime2), N'表演藝術', N'誠徵街舞舞者', 3000, N'未應聘', N'LOTUS 音樂餐廳', NULL, 3)
INSERT [dbo].[job] ([job_id], [address], [city], [detal], [district], [job_time], [job_type], [name], [reward], [status], [vender_name], [user_id], [vender_id]) VALUES (6, N'長安東路二段78號', N'台北市', N'愛亂講話，不會尷尬就好', N'中山區', CAST(N'2019-07-19T12:00:00.0000000' AS DateTime2), N'表演藝術', N'誠徵幹話王', 20000, N'未應聘', N'LOTUS 音樂餐廳', NULL, 3)
INSERT [dbo].[job] ([job_id], [address], [city], [detal], [district], [job_time], [job_type], [name], [reward], [status], [vender_name], [user_id], [vender_id]) VALUES (7, N'安和路二段211號', N'台北市', N'經驗要求5年以上', N'大安區', CAST(N'2019-08-05T17:00:00.0000000' AS DateTime2), N'表演藝術', N'誠徵鼓手一名', 1000, N'未應聘', N'EZ5音樂餐廳', NULL, 1)
INSERT [dbo].[job] ([job_id], [address], [city], [detal], [district], [job_time], [job_type], [name], [reward], [status], [vender_name], [user_id], [vender_id]) VALUES (8, N' 建國北路一段156號', N'台北市', N'經驗要求5年以上', N'中山區', CAST(N'2019-08-11T18:00:00.0000000' AS DateTime2), N'表演藝術', N'誠徵吉他手一名', 1000, N'未應聘', N'EZ5音樂餐廳', NULL, 2)
INSERT [dbo].[job] ([job_id], [address], [city], [detal], [district], [job_time], [job_type], [name], [reward], [status], [vender_name], [user_id], [vender_id]) VALUES (9, N'新生南路二段72號', N'台北市', N'有舞台經驗佳', N'大安區', CAST(N'2019-08-09T19:00:00.0000000' AS DateTime2), N'表演藝術', N'誠徵搞笑演員一名', 1000, N'未應聘', N'EZ5音樂餐廳', NULL, 5)
INSERT [dbo].[job] ([job_id], [address], [city], [detal], [district], [job_time], [job_type], [name], [reward], [status], [vender_name], [user_id], [vender_id]) VALUES (10, N' 建國北路一段156號', N'台北市', N'需舞台魔術表演', N'中山區', CAST(N'2019-08-15T17:00:00.0000000' AS DateTime2), N'視覺藝術', N'誠徵魔術師', 2000, N'未應聘', N'Music Corner角落音樂餐廳', NULL, 2)
INSERT [dbo].[job] ([job_id], [address], [city], [detal], [district], [job_time], [job_type], [name], [reward], [status], [vender_name], [user_id], [vender_id]) VALUES (11, N'長安東路二段78號', N'台北市', N'經驗不限，需炒熱氣氛', N'松山區', CAST(N'2019-08-19T18:00:00.0000000' AS DateTime2), N'表演藝術', N'誠徵街舞舞者', 3000, N'未應聘', N'LOTUS 音樂餐廳', NULL, 4)
INSERT [dbo].[job] ([job_id], [address], [city], [detal], [district], [job_time], [job_type], [name], [reward], [status], [vender_name], [user_id], [vender_id]) VALUES (12, N'長安東路二段78號', N'台北市', N'愛亂講話，不會尷尬就好', N'中山區', CAST(N'2019-08-19T21:00:00.0000000' AS DateTime2), N'表演藝術', N'誠徵樂團', 20000, N'未應聘', N'LOTUS 音樂餐廳', NULL, 3)
INSERT [dbo].[job] ([job_id], [address], [city], [detal], [district], [job_time], [job_type], [name], [reward], [status], [vender_name], [user_id], [vender_id]) VALUES (13, N' 建國北路一段156號', N'台北市', N'經驗要求5年以上', N'中山區', CAST(N'2019-08-05T17:00:00.0000000' AS DateTime2), N'創意藝術', N'誠徵繪圖高手', 1000, N'未應聘', N'EZ5音樂餐廳', NULL, 2)
INSERT [dbo].[job] ([job_id], [address], [city], [detal], [district], [job_time], [job_type], [name], [reward], [status], [vender_name], [user_id], [vender_id]) VALUES (14, N'長安東路二段78號', N'台北市', N'經驗要求5年以上', N'中山區', CAST(N'2019-08-11T18:00:00.0000000' AS DateTime2), N'表演藝術', N'誠徵吉他手一名', 1000, N'未應聘', N'EZ5音樂餐廳', NULL, 3)
INSERT [dbo].[job] ([job_id], [address], [city], [detal], [district], [job_time], [job_type], [name], [reward], [status], [vender_name], [user_id], [vender_id]) VALUES (15, N'長安東路二段78號', N'台北市', N'有舞台經驗佳', N'松山區', CAST(N'2019-08-09T19:00:00.0000000' AS DateTime2), N'表演藝術', N'誠徵喜劇演員', 1000, N'未應聘', N'EZ5音樂餐廳', NULL, 4)
INSERT [dbo].[job] ([job_id], [address], [city], [detal], [district], [job_time], [job_type], [name], [reward], [status], [vender_name], [user_id], [vender_id]) VALUES (16, N'長安東路二段78號', N'台北市', N'需舞台魔術表演', N'中山區', CAST(N'2019-08-15T17:00:00.0000000' AS DateTime2), N'表演藝術', N'誠徵創意表演', 2000, N'未應聘', N'Music Corner角落音樂餐廳', NULL, 3)
INSERT [dbo].[job] ([job_id], [address], [city], [detal], [district], [job_time], [job_type], [name], [reward], [status], [vender_name], [user_id], [vender_id]) VALUES (17, N'安和路二段211號', N'台北市', N'經驗不限，需炒熱氣氛', N'大安區', CAST(N'2019-08-15T18:00:00.0000000' AS DateTime2), N'表演藝術', N'誠徵任意表演', 3000, N'未應聘', N'LOTUS 音樂餐廳', NULL, 1)
INSERT [dbo].[job] ([job_id], [address], [city], [detal], [district], [job_time], [job_type], [name], [reward], [status], [vender_name], [user_id], [vender_id]) VALUES (18, N'安和路二段211號', N'台北市', N'愛亂講話，不會尷尬就好', N'大安區', CAST(N'2019-08-20T21:00:00.0000000' AS DateTime2), N'表演藝術', N'誠徵鼓手一名', 20000, N'未應聘', N'LOTUS 音樂餐廳', NULL, 1)
INSERT [dbo].[job] ([job_id], [address], [city], [detal], [district], [job_time], [job_type], [name], [reward], [status], [vender_name], [user_id], [vender_id]) VALUES (19, N'新生南路二段72號', N'台北市', N'經驗要求5年以上', N'大安區', CAST(N'2019-08-05T19:00:00.0000000' AS DateTime2), N'表演藝術', N'誠徵主持人', 1000, N'未應聘', N'EZ5音樂餐廳', NULL, 5)
INSERT [dbo].[job] ([job_id], [address], [city], [detal], [district], [job_time], [job_type], [name], [reward], [status], [vender_name], [user_id], [vender_id]) VALUES (20, N' 建國北路一段156號', N'台北市', N'經驗要求5年以上', N'中山區', CAST(N'2019-08-11T13:00:00.0000000' AS DateTime2), N'聽覺藝術', N'誠徵吉他手一名', 1000, N'未應聘', N'EZ5音樂餐廳', NULL, 2)
INSERT [dbo].[job] ([job_id], [address], [city], [detal], [district], [job_time], [job_type], [name], [reward], [status], [vender_name], [user_id], [vender_id]) VALUES (21, N'長安東路二段78號', N'台北市', N'愛亂講話，不會尷尬就好', N'中山區', CAST(N'2019-08-19T21:00:00.0000000' AS DateTime2), N'表演藝術', N'誠徵樂團', 20000, N'未應聘', N'LOTUS 音樂餐廳', NULL, 3)
INSERT [dbo].[job] ([job_id], [address], [city], [detal], [district], [job_time], [job_type], [name], [reward], [status], [vender_name], [user_id], [vender_id]) VALUES (22, N' 建國北路一段156號', N'台北市', N'經驗要求5年以上', N'中山區', CAST(N'2019-08-04T17:00:00.0000000' AS DateTime2), N'創意藝術', N'誠徵繪圖高手', 1000, N'未應聘', N'EZ5音樂餐廳', NULL, 2)
INSERT [dbo].[job] ([job_id], [address], [city], [detal], [district], [job_time], [job_type], [name], [reward], [status], [vender_name], [user_id], [vender_id]) VALUES (23, N'長安東路二段78號', N'台北市', N'經驗要求5年以上', N'中山區', CAST(N'2019-03-11T18:00:00.0000000' AS DateTime2), N'表演藝術', N'誠徵吉他手一名', 1000, N'未應聘', N'EZ5音樂餐廳', NULL, 3)
INSERT [dbo].[job] ([job_id], [address], [city], [detal], [district], [job_time], [job_type], [name], [reward], [status], [vender_name], [user_id], [vender_id]) VALUES (24, N'長安東路二段78號', N'台北市', N'有舞台經驗佳', N'松山區', CAST(N'2019-08-08T19:00:00.0000000' AS DateTime2), N'表演藝術', N'誠徵喜劇演員', 1000, N'未應聘', N'EZ5音樂餐廳', NULL, 4)
INSERT [dbo].[job] ([job_id], [address], [city], [detal], [district], [job_time], [job_type], [name], [reward], [status], [vender_name], [user_id], [vender_id]) VALUES (25, N'長安東路二段78號', N'台北市', N'需舞台魔術表演', N'中山區', CAST(N'2019-08-17T17:00:00.0000000' AS DateTime2), N'表演藝術', N'誠徵創意表演', 2000, N'未應聘', N'Music Corner角落音樂餐廳', NULL, 3)
INSERT [dbo].[job] ([job_id], [address], [city], [detal], [district], [job_time], [job_type], [name], [reward], [status], [vender_name], [user_id], [vender_id]) VALUES (26, N'安和路二段211號', N'台北市', N'經驗不限，需炒熱氣氛', N'大安區', CAST(N'2019-08-18T18:00:00.0000000' AS DateTime2), N'表演藝術', N'誠徵任意表演', 3000, N'未應聘', N'LOTUS 音樂餐廳', NULL, 1)
INSERT [dbo].[job] ([job_id], [address], [city], [detal], [district], [job_time], [job_type], [name], [reward], [status], [vender_name], [user_id], [vender_id]) VALUES (27, N'安和路二段211號', N'台北市', N'愛亂講話，不會尷尬就好', N'大安區', CAST(N'2019-08-19T20:00:00.0000000' AS DateTime2), N'表演藝術', N'誠徵鼓手一名', 20000, N'未應聘', N'LOTUS 音樂餐廳', NULL, 1)
INSERT [dbo].[job] ([job_id], [address], [city], [detal], [district], [job_time], [job_type], [name], [reward], [status], [vender_name], [user_id], [vender_id]) VALUES (28, N'新生南路二段72號', N'台北市', N'經驗要求5年以上', N'大安區', CAST(N'2019-08-07T18:30:00.0000000' AS DateTime2), N'表演藝術', N'誠徵主持人', 1000, N'未應聘', N'EZ5音樂餐廳', NULL, 5)
INSERT [dbo].[job] ([job_id], [address], [city], [detal], [district], [job_time], [job_type], [name], [reward], [status], [vender_name], [user_id], [vender_id]) VALUES (29, N'新生南路二段72號', N'台北市', N'經驗要求5年以上', N'大安區', CAST(N'2019-08-09T19:00:00.0000000' AS DateTime2), N'聽覺藝術', N'誠徵吉他手一名', 1000, N'未應聘', N'EZ5音樂餐廳', NULL, 5)
INSERT [dbo].[job] ([job_id], [address], [city], [detal], [district], [job_time], [job_type], [name], [reward], [status], [vender_name], [user_id], [vender_id]) VALUES (30, N'新生南路二段72號', N'台北市', N'有舞台經驗佳', N'大安區', CAST(N'2019-09-01T17:00:00.0000000' AS DateTime2), N'表演藝術', N'誠徵搞笑演員一名', 1000, N'未應聘', N'EZ5音樂餐廳', NULL, 5)
INSERT [dbo].[job] ([job_id], [address], [city], [detal], [district], [job_time], [job_type], [name], [reward], [status], [vender_name], [user_id], [vender_id]) VALUES (31, N'長安東路二段78號', N'台北市', N'需舞台魔術表演', N'松山區', CAST(N'2019-08-16T18:50:00.0000000' AS DateTime2), N'表演藝術', N'誠徵魔術師', 2000, N'未應聘', N'Music Corner角落音樂餐廳', NULL, 4)
INSERT [dbo].[job] ([job_id], [address], [city], [detal], [district], [job_time], [job_type], [name], [reward], [status], [vender_name], [user_id], [vender_id]) VALUES (32, N' 建國北路一段156號', N'台北市', N'經驗不限，需炒熱氣氛', N'中山區', CAST(N'2019-08-17T20:00:00.0000000' AS DateTime2), N'表演藝術', N'誠徵街舞舞者', 3000, N'未應聘', N'LOTUS 音樂餐廳', NULL, 2)
INSERT [dbo].[job] ([job_id], [address], [city], [detal], [district], [job_time], [job_type], [name], [reward], [status], [vender_name], [user_id], [vender_id]) VALUES (33, N' 建國北路一段156號', N'台北市', N'愛亂講話，不會尷尬就好', N'中山區', CAST(N'2019-08-20T23:00:00.0000000' AS DateTime2), N'表演藝術', N'誠徵任意表演', 20000, N'未應聘', N'LOTUS 音樂餐廳', NULL, 2)
INSERT [dbo].[job] ([job_id], [address], [city], [detal], [district], [job_time], [job_type], [name], [reward], [status], [vender_name], [user_id], [vender_id]) VALUES (34, N'長安東路二段78號', N'台北市', N'經驗要求5年以上', N'中山區', CAST(N'2019-08-07T22:00:00.0000000' AS DateTime2), N'聽覺藝術', N'誠徵鼓手一名', 1000, N'未應聘', N'EZ5音樂餐廳', NULL, 3)
INSERT [dbo].[job] ([job_id], [address], [city], [detal], [district], [job_time], [job_type], [name], [reward], [status], [vender_name], [user_id], [vender_id]) VALUES (35, N' 建國北路一段156號', N'台北市', N'經驗要求5年以上', N'中山區', CAST(N'2019-08-11T18:00:00.0000000' AS DateTime2), N'聽覺藝術', N'誠徵吉他手一名', 1000, N'未應聘', N'EZ5音樂餐廳', NULL, 2)
INSERT [dbo].[job] ([job_id], [address], [city], [detal], [district], [job_time], [job_type], [name], [reward], [status], [vender_name], [user_id], [vender_id]) VALUES (36, N'長安東路二段78號', N'台北市', N'愛亂講話，不會尷尬就好', N'中山區', CAST(N'2019-08-29T20:00:00.0000000' AS DateTime2), N'表演藝術', N'誠徵樂團', 20000, N'未應聘', N'LOTUS 音樂餐廳', NULL, 3)
INSERT [dbo].[job] ([job_id], [address], [city], [detal], [district], [job_time], [job_type], [name], [reward], [status], [vender_name], [user_id], [vender_id]) VALUES (37, N' 建國北路一段156號', N'台北市', N'經驗要求5年以上', N'中山區', CAST(N'2019-08-05T17:30:00.0000000' AS DateTime2), N'創意藝術', N'誠徵繪圖高手', 1000, N'未應聘', N'EZ5音樂餐廳', NULL, 2)
INSERT [dbo].[job] ([job_id], [address], [city], [detal], [district], [job_time], [job_type], [name], [reward], [status], [vender_name], [user_id], [vender_id]) VALUES (38, N'長安東路二段78號', N'台北市', N'經驗要求5年以上', N'中山區', CAST(N'2019-08-11T18:30:00.0000000' AS DateTime2), N'表演藝術', N'誠徵吉他手一名', 1000, N'未應聘', N'EZ5音樂餐廳', NULL, 3)
INSERT [dbo].[job] ([job_id], [address], [city], [detal], [district], [job_time], [job_type], [name], [reward], [status], [vender_name], [user_id], [vender_id]) VALUES (39, N'長安東路二段78號', N'台北市', N'有舞台經驗佳', N'松山區', CAST(N'2019-08-17T18:30:00.0000000' AS DateTime2), N'表演藝術', N'誠徵喜劇演員', 1000, N'未應聘', N'EZ5音樂餐廳', NULL, 4)
INSERT [dbo].[job] ([job_id], [address], [city], [detal], [district], [job_time], [job_type], [name], [reward], [status], [vender_name], [user_id], [vender_id]) VALUES (40, N'長安東路二段78號', N'台北市', N'需舞台魔術表演', N'中山區', CAST(N'2019-08-21T19:00:00.0000000' AS DateTime2), N'表演藝術', N'誠徵創意表演', 2000, N'未應聘', N'Music Corner角落音樂餐廳', NULL, 3)
INSERT [dbo].[job] ([job_id], [address], [city], [detal], [district], [job_time], [job_type], [name], [reward], [status], [vender_name], [user_id], [vender_id]) VALUES (41, N'安和路二段211號', N'台北市', N'經驗不限，需炒熱氣氛', N'大安區', CAST(N'2019-08-18T21:00:00.0000000' AS DateTime2), N'表演藝術', N'誠徵任意表演', 3000, N'未應聘', N'LOTUS 音樂餐廳', NULL, 1)
INSERT [dbo].[job] ([job_id], [address], [city], [detal], [district], [job_time], [job_type], [name], [reward], [status], [vender_name], [user_id], [vender_id]) VALUES (42, N'安和路二段211號', N'台北市', N'愛亂講話，不會尷尬就好', N'大安區', CAST(N'2019-08-19T22:00:00.0000000' AS DateTime2), N'表演藝術', N'誠徵鼓手一名', 20000, N'未應聘', N'LOTUS 音樂餐廳', NULL, 1)
INSERT [dbo].[job] ([job_id], [address], [city], [detal], [district], [job_time], [job_type], [name], [reward], [status], [vender_name], [user_id], [vender_id]) VALUES (43, N'新生南路二段72號', N'台北市', N'經驗要求5年以上', N'大安區', CAST(N'2019-08-07T20:00:00.0000000' AS DateTime2), N'表演藝術', N'誠徵主持人', 1000, N'未應聘', N'EZ5音樂餐廳', NULL, 5)
INSERT [dbo].[job] ([job_id], [address], [city], [detal], [district], [job_time], [job_type], [name], [reward], [status], [vender_name], [user_id], [vender_id]) VALUES (44, N'新生南路二段72號', N'台北市', N'經驗要求5年以上', N'大安區', CAST(N'2019-08-11T18:00:00.0000000' AS DateTime2), N'聽覺藝術', N'誠徵吉他手一名', 1000, N'未應聘', N'EZ5音樂餐廳', NULL, 5)
INSERT [dbo].[job] ([job_id], [address], [city], [detal], [district], [job_time], [job_type], [name], [reward], [status], [vender_name], [user_id], [vender_id]) VALUES (45, N'新生南路二段72號', N'台北市', N'有舞台經驗佳', N'大安區', CAST(N'2019-08-09T19:00:00.0000000' AS DateTime2), N'表演藝術', N'誠徵搞笑演員一名', 1000, N'未應聘', N'EZ5音樂餐廳', NULL, 5)
INSERT [dbo].[job] ([job_id], [address], [city], [detal], [district], [job_time], [job_type], [name], [reward], [status], [vender_name], [user_id], [vender_id]) VALUES (46, N'長安東路二段78號', N'台北市', N'需舞台魔術表演', N'松山區', CAST(N'2019-08-17T17:30:00.0000000' AS DateTime2), N'表演藝術', N'誠徵魔術師', 2000, N'未應聘', N'Music Corner角落音樂餐廳', NULL, 4)
INSERT [dbo].[job] ([job_id], [address], [city], [detal], [district], [job_time], [job_type], [name], [reward], [status], [vender_name], [user_id], [vender_id]) VALUES (47, N' 建國北路一段156號', N'台北市', N'經驗不限，需炒熱氣氛', N'中山區', CAST(N'2019-08-17T18:30:00.0000000' AS DateTime2), N'表演藝術', N'誠徵街舞舞者', 3000, N'未應聘', N'LOTUS 音樂餐廳', NULL, 2)
INSERT [dbo].[job] ([job_id], [address], [city], [detal], [district], [job_time], [job_type], [name], [reward], [status], [vender_name], [user_id], [vender_id]) VALUES (48, N' 建國北路一段156號', N'台北市', N'愛亂講話，不會尷尬就好', N'中山區', CAST(N'2019-08-18T21:30:00.0000000' AS DateTime2), N'表演藝術', N'誠徵任意表演', 20000, N'未應聘', N'LOTUS 音樂餐廳', NULL, 2)
INSERT [dbo].[job] ([job_id], [address], [city], [detal], [district], [job_time], [job_type], [name], [reward], [status], [vender_name], [user_id], [vender_id]) VALUES (49, N'新生南路二段72號', N'台北市', N'經驗不限，需炒熱氣氛', N'大安區', CAST(N'2019-08-21T18:30:00.0000000' AS DateTime2), N'表演藝術', N'誠徵街舞舞者', 3000, N'未應聘', N'LOTUS 音樂餐廳', NULL, 5)
INSERT [dbo].[job] ([job_id], [address], [city], [detal], [district], [job_time], [job_type], [name], [reward], [status], [vender_name], [user_id], [vender_id]) VALUES (50, N'長安東路二段78號', N'台北市', N'愛亂講話，不會尷尬就好', N'中山區', CAST(N'2019-08-22T21:30:00.0000000' AS DateTime2), N'表演藝術', N'誠徵任意表演', 20000, N'未應聘', N'LOTUS 音樂餐廳', NULL, 3)
INSERT [dbo].[job] ([job_id], [address], [city], [detal], [district], [job_time], [job_type], [name], [reward], [status], [vender_name], [user_id], [vender_id]) VALUES (51, N'安和路二段211號', N'台北市', N'經驗豐富佳', N'大安區', CAST(N'2019-07-08T17:00:00.0000000' AS DateTime2), N'表演藝術', N'誠徵舞者', 3000, N'未應聘', N'EZ5音樂餐廳', NULL, 1)
SET IDENTITY_INSERT [dbo].[job] OFF
ALTER TABLE job CHECK CONSTRAINT ALL;
ALTER TABLE job_application NOCHECK CONSTRAINT ALL;
SET IDENTITY_INSERT [dbo].[job_application] ON 
INSERT [dbo].[job_application] ([job_application_id], [application_time], [status], [job_id], [user_id]) VALUES (1, CAST(N'2019-07-31T15:37:42.3970000' AS DateTime2), N'取消', 49, 8)
INSERT [dbo].[job_application] ([job_application_id], [application_time], [status], [job_id], [user_id]) VALUES (2, CAST(N'2019-07-31T19:23:55.0390000' AS DateTime2), N'取消', 50, 2)
SET IDENTITY_INSERT [dbo].[job_application] OFF
ALTER TABLE job_application CHECK CONSTRAINT ALL;
ALTER TABLE performance NOCHECK CONSTRAINT ALL;
SET IDENTITY_INSERT [dbo].[performance] ON 
INSERT [dbo].[performance] ([p_id], [activity_id], [dislikes], [introduction], [likes], [gerne], [title], [update_time], [youtube_url], [username], [userp_id], [views], [display_name]) VALUES (28, 27, 0, N'鄧紫棋《光年之外》小提琴版本  | Violin cover by Lin Tzu An of LIGHT YEARS AWAY by G.E.M.', 4, N'表演藝術', N'鄧紫棋《光年之外》小提琴版本', CAST(N'2019-07-31T17:03:02.0510000' AS DateTime2), N'https://www.youtube.com/watch?v=th6EQJIi518', N'artist001', 2, 23, N'林子安')
INSERT [dbo].[performance] ([p_id], [activity_id], [dislikes], [introduction], [likes], [gerne], [title], [update_time], [youtube_url], [username], [userp_id], [views], [display_name]) VALUES (29, 27, 0, N'鄧紫棋《來自天堂的魔鬼》小提琴版本  | Violin cover by Lin Tzu An of Away by G.E.M.', 2, N'表演藝術', N'鄧紫棋《來自天堂的魔鬼》小提琴版本 ', CAST(N'2019-07-31T17:03:02.1120000' AS DateTime2), N'https://www.youtube.com/watch?v=7TJU-IQNAmQ', N'artist001', 2, 0, N'林子安')
INSERT [dbo].[performance] ([p_id], [activity_id], [dislikes], [introduction], [likes], [gerne], [title], [update_time], [youtube_url], [username], [userp_id], [views], [display_name]) VALUES (30, 29, 0, N'歡迎新朋友新同學關注加入→『羅小白S.white』粉絲專頁 https://www.facebook.com/swhite523/', 0, N'表演藝術', N'羅小白│漂向北方 20170401', CAST(N'2019-07-31T17:04:43.3140000' AS DateTime2), N'https://www.youtube.com/watch?v=35OjiDNbnU4', N'artist002', 3, 0, N'羅小白')
INSERT [dbo].[performance] ([p_id], [activity_id], [dislikes], [introduction], [likes], [gerne], [title], [update_time], [youtube_url], [username], [userp_id], [views], [display_name]) VALUES (31, 29, 0, N'2019年6月份街演 地點:宜蘭羅東夜市中山公園', 0, N'表演藝術', N'羅小白S.white-告白氣球', CAST(N'2019-07-31T17:04:43.3670000' AS DateTime2), N'https://www.youtube.com/watch?v=TNRBgB_uoz4', N'artist002', 3, 0, N'羅小白')
INSERT [dbo].[performance] ([p_id], [activity_id], [dislikes], [introduction], [likes], [gerne], [title], [update_time], [youtube_url], [username], [userp_id], [views], [display_name]) VALUES (32, 32, 0, N'歡迎新朋友新同學關注加入→『羅小白S.white』粉絲專頁 https://www.facebook.com/swhite523/', 0, N'表演藝術', N'獨一無二 20190525', CAST(N'2019-07-31T17:06:50.4890000' AS DateTime2), N'https://www.youtube.com/watch?v=-QBdLsyQgUw', N'artist002', 3, 0, N'羅小白')
INSERT [dbo].[performance] ([p_id], [activity_id], [dislikes], [introduction], [likes], [gerne], [title], [update_time], [youtube_url], [username], [userp_id], [views], [display_name]) VALUES (33, 36, 0, N'●訂閱《華視綜藝頻道》：https://goo.gl/uWPvlP ●按讚《華視娛樂秀》：https://goo.gl/rHeEGM', 1, N'視覺藝術', N'巴奇先生和阿民', CAST(N'2019-07-31T17:09:49.3630000' AS DateTime2), N'https://www.youtube.com/watch?v=PiLIa7_cqRM', N'artist003', 4, 4, N'巴奇先生')
INSERT [dbo].[performance] ([p_id], [activity_id], [dislikes], [introduction], [likes], [gerne], [title], [update_time], [youtube_url], [username], [userp_id], [views], [display_name]) VALUES (34, 36, 0, N'Big City街頭音樂節 4/01(日) 巴奇先生 喜歡點個關注喔', 0, N'視覺藝術', N'街頭音樂節 巴奇先生', CAST(N'2019-07-31T17:11:54.7420000' AS DateTime2), N'https://www.youtube.com/watch?v=HXx9Z-wHklk', N'artist003', 4, 0, N'巴奇先生')
INSERT [dbo].[performance] ([p_id], [activity_id], [dislikes], [introduction], [likes], [gerne], [title], [update_time], [youtube_url], [username], [userp_id], [views], [display_name]) VALUES (35, 30, 0, N'想更深入了解我們？快來看看吧！', 1, N'表演藝術', N'《訪談系列》瑟拉樂團C’est La vie By SGL', CAST(N'2019-07-31T17:20:45.8140000' AS DateTime2), N'https://www.youtube.com/watch?v=vIrSuZctGiU', N'artist020', 21, 1, N'瑟拉樂團C''est La Vie')
INSERT [dbo].[performance] ([p_id], [activity_id], [dislikes], [introduction], [likes], [gerne], [title], [update_time], [youtube_url], [username], [userp_id], [views], [display_name]) VALUES (37, 39, 0, N'2017 亞洲盃扯鈴錦標賽 國際公開男子個人 第七名 吳顥中', 0, N'視覺藝術', N'Stage above 16 吳顥中', CAST(N'2019-07-31T17:24:44.1450000' AS DateTime2), N'https://www.youtube.com/watch?v=W-J6MQG5G9w', N'artist004', 5, 1, N'吳顥中')
INSERT [dbo].[performance] ([p_id], [activity_id], [dislikes], [introduction], [likes], [gerne], [title], [update_time], [youtube_url], [username], [userp_id], [views], [display_name]) VALUES (38, 39, 0, N'Perform:吳顥中（WU,HAW-JONG） Film by : 小綠人（LittleGreenMan） Edit by:吳顥中（WU,HAW-JONG）', 0, N'視覺藝術', N'吳顥中（Demo）', CAST(N'2019-07-31T17:24:44.2280000' AS DateTime2), N'https://www.youtube.com/watch?v=WqVrQLbavE8', N'artist004', 5, 1, N'吳顥中')
INSERT [dbo].[performance] ([p_id], [activity_id], [dislikes], [introduction], [likes], [gerne], [title], [update_time], [youtube_url], [username], [userp_id], [views], [display_name]) VALUES (39, 39, 0, N'吳顥中 男子公開舞台 吳顥中 讚讚', 0, N'視覺藝術', N'吳顥中 男子公開舞台', CAST(N'2019-07-31T17:24:44.2960000' AS DateTime2), N'https://www.youtube.com/watch?v=Nn6U0944hBU', N'artist004', 5, 0, N'吳顥中')
INSERT [dbo].[performance] ([p_id], [activity_id], [dislikes], [introduction], [likes], [gerne], [title], [update_time], [youtube_url], [username], [userp_id], [views], [display_name]) VALUES (40, 45, 0, N'想你的夜 - 歌曲難度 ★★★☆☆  歌曲練習目的:  1.低音(Do~Sol)到高音(Re~Fa)的控制力 2.大小聲起伏的音量控制 3.Attack重音及長短音的技巧  推薦指數  ★ ★ ★ ★ ☆', 1, N'創意藝術', N'想你的夜 - 關?薩克斯風小秘訣實戰篇', CAST(N'2019-07-31T17:25:01.8160000' AS DateTime2), N'https://www.youtube.com/watch?v=NFz1llDovW0', N'artist019', 20, 1, N' 江川徹')
INSERT [dbo].[performance] ([p_id], [activity_id], [dislikes], [introduction], [likes], [gerne], [title], [update_time], [youtube_url], [username], [userp_id], [views], [display_name]) VALUES (41, 45, 0, N'連名帶姓  - 歌曲難度 ★★★☆☆  歌曲練習目的:  1.同樣音符的點舌力度控制 2.旋律高低起伏的漸強漸弱 3.長音控制力', 0, N'創意藝術', N'連名帶姓 - 張惠妹 薩克斯風', CAST(N'2019-07-31T17:25:01.8900000' AS DateTime2), N'https://www.youtube.com/watch?v=TD1toFNbEFY', N'artist019', 20, 1, N' 江川徹')
INSERT [dbo].[performance] ([p_id], [activity_id], [dislikes], [introduction], [likes], [gerne], [title], [update_time], [youtube_url], [username], [userp_id], [views], [display_name]) VALUES (43, 45, 0, N'返來阮身邊  - 歌曲難度 ★★★☆☆  歌曲練習目的:  1.音量起伏的控制 2.轉音及其音量變化 3.裝飾音的使用  推薦指數  ★ ★ ★ ★ ☆', 0, N'創意藝術', N'返來阮身邊   薩克斯風小秘訣實戰篇', CAST(N'2019-07-31T17:26:42.4720000' AS DateTime2), N'https://www.youtube.com/watch?v=_mNKg7l1jCI', N'artist019', 20, 1, N' 江川徹')
INSERT [dbo].[performance] ([p_id], [activity_id], [dislikes], [introduction], [likes], [gerne], [title], [update_time], [youtube_url], [username], [userp_id], [views], [display_name]) VALUES (44, 34, 0, N'無論大人或小朋友，見到色彩繽紛的氣球都會非常開心，特別是一些精心設計的造型氣球。想打造一個完美派對或者想給小朋友一個難忘的時刻，不同造型的氣球是不可或缺的。立即上課中學會多種不同造型的氣球吧！', 0, N'創意藝術', N'【氣球教學】海盜劍 Balloon Pirate Sword', CAST(N'2019-07-31T17:27:29.7500000' AS DateTime2), N'https://www.youtube.com/watch?v=9Y8mgHZBYQ4', N'artist018', 19, 1, N'黃兆翊')
INSERT [dbo].[performance] ([p_id], [activity_id], [dislikes], [introduction], [likes], [gerne], [title], [update_time], [youtube_url], [username], [userp_id], [views], [display_name]) VALUES (45, 37, 0, N'先來看看我之前的表演吧~', 0, N'表演藝術', N'馬戲之門- 鳳梨奕軒 Cigar box (賭神)', CAST(N'2019-07-31T17:28:08.8120000' AS DateTime2), N'https://www.youtube.com/watch?v=Jp2OnwBBUl8', N'artist017', 18, 0, N'鳳梨奕軒')
INSERT [dbo].[performance] ([p_id], [activity_id], [dislikes], [introduction], [likes], [gerne], [title], [update_time], [youtube_url], [username], [userp_id], [views], [display_name]) VALUES (46, 31, 0, N'第一次拍唱歌影片就獻給自由新鎮了。 對我們兩個來說這個企劃都帶給我們很大的回憶， 希望透過這種方式來保存。  P.s 很多鏡頭有模糊的是因為當天海風實在太大啦XD 我們兩個人都被吹得不要要得，那個臉部表情實在太母湯，所以我決議要模糊掉www 你們看修好的美美照片就好(O', 0, N'視覺藝術', N'【MV】李迅/葉子《如果的事》自由新鎮花瑄獻唱', CAST(N'2019-07-31T17:28:49.0360000' AS DateTime2), N'https://www.youtube.com/watch?v=JTyb9LNKq-s', N'artist016', 17, 0, N'森野葉子')
INSERT [dbo].[performance] ([p_id], [activity_id], [dislikes], [introduction], [likes], [gerne], [title], [update_time], [youtube_url], [username], [userp_id], [views], [display_name]) VALUES (47, 46, 0, N'謝霆鋒最近推出新歌，不僅遠赴澳洲拍MV，還找來台灣高人氣女鼓手羅小白擔任伴奏，謝霆鋒表示女生會打鼓很帥、又要和MV搭配上，找羅小白合作最適合。', 2, N'表演藝術', N'謝霆鋒找羅小白合作', CAST(N'2019-07-31T17:37:38.3360000' AS DateTime2), N'https://www.youtube.com/watch?v=uBZ16okjLGg', N'artist002', 3, 3, N'羅小白')
SET IDENTITY_INSERT [dbo].[performance] OFF
ALTER TABLE performance CHECK CONSTRAINT ALL;
ALTER TABLE user_plike NOCHECK CONSTRAINT ALL;
INSERT [dbo].[user_plike] ([user_id], [p_id]) VALUES (3, 35)
INSERT [dbo].[user_plike] ([user_id], [p_id]) VALUES (19, 47)
INSERT [dbo].[user_plike] ([user_id], [p_id]) VALUES (3, 47)
INSERT [dbo].[user_plike] ([user_id], [p_id]) VALUES (3, 40)
INSERT [dbo].[user_plike] ([user_id], [p_id]) VALUES (3, 28)
INSERT [dbo].[user_plike] ([user_id], [p_id]) VALUES (3, 29)
INSERT [dbo].[user_plike] ([user_id], [p_id]) VALUES (2, 28)
INSERT [dbo].[user_plike] ([user_id], [p_id]) VALUES (4, 29)
INSERT [dbo].[user_plike] ([user_id], [p_id]) VALUES (8, 28)
INSERT [dbo].[user_plike] ([user_id], [p_id]) VALUES (8, 33)
INSERT [dbo].[user_plike] ([user_id], [p_id]) VALUES (6, 28)
ALTER TABLE user_plike CHECK CONSTRAINT ALL;
ALTER TABLE security_role NOCHECK CONSTRAINT ALL;
SET IDENTITY_INSERT [dbo].[security_role] ON 
INSERT [dbo].[security_role] ([role_id], [code]) VALUES (1, N'ROLE_ADMIN')
INSERT [dbo].[security_role] ([role_id], [code]) VALUES (2, N'ROLE_USER')
INSERT [dbo].[security_role] ([role_id], [code]) VALUES (3, N'ROLE_ARTIST')
INSERT [dbo].[security_role] ([role_id], [code]) VALUES (4, N'ROLE_VENDER')
SET IDENTITY_INSERT [dbo].[security_role] OFF
ALTER TABLE security_role CHECK CONSTRAINT ALL;
ALTER TABLE user_role NOCHECK CONSTRAINT ALL;
INSERT [dbo].[user_role] ([user_id], [role_id]) VALUES (1, 1)
INSERT [dbo].[user_role] ([user_id], [role_id]) VALUES (1, 2)
INSERT [dbo].[user_role] ([user_id], [role_id]) VALUES (1, 4)
INSERT [dbo].[user_role] ([user_id], [role_id]) VALUES (2, 2)
INSERT [dbo].[user_role] ([user_id], [role_id]) VALUES (2, 3)
INSERT [dbo].[user_role] ([user_id], [role_id]) VALUES (3, 2)
INSERT [dbo].[user_role] ([user_id], [role_id]) VALUES (3, 3)
INSERT [dbo].[user_role] ([user_id], [role_id]) VALUES (4, 2)
INSERT [dbo].[user_role] ([user_id], [role_id]) VALUES (4, 3)
INSERT [dbo].[user_role] ([user_id], [role_id]) VALUES (5, 2)
INSERT [dbo].[user_role] ([user_id], [role_id]) VALUES (5, 3)
INSERT [dbo].[user_role] ([user_id], [role_id]) VALUES (6, 2)
INSERT [dbo].[user_role] ([user_id], [role_id]) VALUES (6, 3)
INSERT [dbo].[user_role] ([user_id], [role_id]) VALUES (7, 2)
INSERT [dbo].[user_role] ([user_id], [role_id]) VALUES (7, 3)
INSERT [dbo].[user_role] ([user_id], [role_id]) VALUES (8, 2)
INSERT [dbo].[user_role] ([user_id], [role_id]) VALUES (8, 3)
INSERT [dbo].[user_role] ([user_id], [role_id]) VALUES (9, 2)
INSERT [dbo].[user_role] ([user_id], [role_id]) VALUES (9, 3)
INSERT [dbo].[user_role] ([user_id], [role_id]) VALUES (10, 2)
INSERT [dbo].[user_role] ([user_id], [role_id]) VALUES (10, 3)
INSERT [dbo].[user_role] ([user_id], [role_id]) VALUES (11, 2)
INSERT [dbo].[user_role] ([user_id], [role_id]) VALUES (11, 3)
INSERT [dbo].[user_role] ([user_id], [role_id]) VALUES (12, 2)
INSERT [dbo].[user_role] ([user_id], [role_id]) VALUES (12, 3)
INSERT [dbo].[user_role] ([user_id], [role_id]) VALUES (13, 2)
INSERT [dbo].[user_role] ([user_id], [role_id]) VALUES (13, 3)
INSERT [dbo].[user_role] ([user_id], [role_id]) VALUES (14, 2)
INSERT [dbo].[user_role] ([user_id], [role_id]) VALUES (14, 3)
INSERT [dbo].[user_role] ([user_id], [role_id]) VALUES (15, 2)
INSERT [dbo].[user_role] ([user_id], [role_id]) VALUES (15, 3)
INSERT [dbo].[user_role] ([user_id], [role_id]) VALUES (16, 2)
INSERT [dbo].[user_role] ([user_id], [role_id]) VALUES (16, 3)
INSERT [dbo].[user_role] ([user_id], [role_id]) VALUES (17, 2)
INSERT [dbo].[user_role] ([user_id], [role_id]) VALUES (17, 3)
INSERT [dbo].[user_role] ([user_id], [role_id]) VALUES (18, 2)
INSERT [dbo].[user_role] ([user_id], [role_id]) VALUES (18, 3)
INSERT [dbo].[user_role] ([user_id], [role_id]) VALUES (19, 2)
INSERT [dbo].[user_role] ([user_id], [role_id]) VALUES (19, 3)
INSERT [dbo].[user_role] ([user_id], [role_id]) VALUES (20, 2)
INSERT [dbo].[user_role] ([user_id], [role_id]) VALUES (20, 3)
INSERT [dbo].[user_role] ([user_id], [role_id]) VALUES (21, 2)
INSERT [dbo].[user_role] ([user_id], [role_id]) VALUES (21, 3)
INSERT [dbo].[user_role] ([user_id], [role_id]) VALUES (22, 2)
INSERT [dbo].[user_role] ([user_id], [role_id]) VALUES (22, 4)
INSERT [dbo].[user_role] ([user_id], [role_id]) VALUES (23, 2)
INSERT [dbo].[user_role] ([user_id], [role_id]) VALUES (23, 4)
INSERT [dbo].[user_role] ([user_id], [role_id]) VALUES (24, 2)
INSERT [dbo].[user_role] ([user_id], [role_id]) VALUES (24, 4)
INSERT [dbo].[user_role] ([user_id], [role_id]) VALUES (25, 2)
INSERT [dbo].[user_role] ([user_id], [role_id]) VALUES (25, 4)
INSERT [dbo].[user_role] ([user_id], [role_id]) VALUES (26, 2)
INSERT [dbo].[user_role] ([user_id], [role_id]) VALUES (26, 4)
INSERT [dbo].[user_role] ([user_id], [role_id]) VALUES (27, 2)
ALTER TABLE user_role CHECK CONSTRAINT ALL;
ALTER TABLE friend NOCHECK CONSTRAINT ALL;
INSERT [dbo].[friend] ([self_id], [friend_id]) VALUES (1, 2)
INSERT [dbo].[friend] ([self_id], [friend_id]) VALUES (2, 1)
INSERT [dbo].[friend] ([self_id], [friend_id]) VALUES (1, 3)
INSERT [dbo].[friend] ([self_id], [friend_id]) VALUES (2, 12)
INSERT [dbo].[friend] ([self_id], [friend_id]) VALUES (5, 1)
INSERT [dbo].[friend] ([self_id], [friend_id]) VALUES (1, 5)
INSERT [dbo].[friend] ([self_id], [friend_id]) VALUES (8, 9)
INSERT [dbo].[friend] ([self_id], [friend_id]) VALUES (9, 8)
INSERT [dbo].[friend] ([self_id], [friend_id]) VALUES (12, 2)
INSERT [dbo].[friend] ([self_id], [friend_id]) VALUES (12, 3)
INSERT [dbo].[friend] ([self_id], [friend_id]) VALUES (3, 1)
INSERT [dbo].[friend] ([self_id], [friend_id]) VALUES (3, 12)
ALTER TABLE friend CHECK CONSTRAINT ALL;
ALTER TABLE article NOCHECK CONSTRAINT ALL;
SET IDENTITY_INSERT [dbo].[article] ON 
INSERT [dbo].[article] ([id], [announce], [announced_user_id], [article_type], [content], [count], [name], [ref_id]) VALUES (3, CAST(N'2019-07-31T15:21:44.7420000' AS DateTime2), 19, N'Activity', N'## 感謝文維哥邀約-昌傑日日愛麗絲兒童劇
#### 感謝Peggy邀約-親子家庭日氣球大放送

------------


![](https://i.imgur.com/dLZaOlI.jpg)
奇幻華麗的愛麗絲兒童劇～
帶給台下欣賞的觀眾迅速進入劇情～
每一個角色都融入了不同的表演
現場大朋友小朋友看的目瞪口呆
謝謝你/妳們當天下著大雨還是願意坐在台下欣賞舞台表演

------------


來到麻布山森林滿滿的芬多精
活動還沒開始前聞到芬多精整個身體都舒服了起來～
現場剛擺放好氣球作品集～
滿滿的小朋友早就已經大排長龍了～
每一位拿到自己挑選的款式 笑的都合不攏嘴呢

------------


活動歡迎洽詢', 19, N'Mr.小小黑 X 移動樂園 / Mr. CAT X Mobi', 34)
INSERT [dbo].[article] ([id], [announce], [announced_user_id], [article_type], [content], [count], [name], [ref_id]) VALUES (4, CAST(N'2019-07-31T15:21:44.7420000' AS DateTime2), 2, N'Activity', N'![](https://cdn2.ettoday.net/images/4182/d4182680.jpg)
今天表演的時候，
演奏著酒矸仔得賣無，
無意間發現有個熟面孔藏在人群中，
我偷偷用餘光確認，
#### 想不到竟然是叮噹!!
觀眾們也注意到了，
拱著叮噹和我一起表演，
很感謝她願意賞臉，
希望今晚的大家還算滿意，
後來叮噹和我要了聯絡方式，
期待可以在演唱會上與大家再見!

^ _ ^ 子安', 68, N'竟然遇上叮噹!', 27)
INSERT [dbo].[article] ([id], [announce], [announced_user_id], [article_type], [content], [count], [name], [ref_id]) VALUES (5, CAST(N'2019-07-31T17:13:14.7570000' AS DateTime2), 3, N'Activity', N'### 在大樹下
![](http://i.imgur.com/WTUDm9V.jpg)

只是想睡個午覺，卻被我的鼓聲吸引了嗎？
下午睡不著覺，
把心情打成歌，
既然睡不著，
就不要睡阿zzZ

後面的朋友，
跟我一起，
好嗎？
當我們同在一起，
在一起，
在一起...

今天你們最喜歡哪首歌呢？
我都很喜歡喔，
呵呵。

小白', 19, N'閉上雙眼，鼓聲彭湃', 32)
INSERT [dbo].[article] ([id], [announce], [announced_user_id], [article_type], [content], [count], [name], [ref_id]) VALUES (6, CAST(N'2019-07-31T15:21:44.7420000' AS DateTime2), 18, N'Activity', N'![](https://static.wixstatic.com/media/357f92_b6fdeb851a7545099bfeb48faec52b60~mv2_d_3018_2269_s_2.jpg)
邀請各路好手齊聚**台北美堤河濱公園**
假日每天一組街頭神人將帶來不一樣的表演
各式雜耍及氣球互動
將帶給大家不一樣的感受
歡迎大家來玩哦！

日期：2020.01.04~2020.01.05
時間：每天14 ：00-18 ：00
地點：美堤河濱公園

By 鳳梨奕軒', 34, N'街藝幻想曲2020在台北', 37)
INSERT [dbo].[article] ([id], [announce], [announced_user_id], [article_type], [content], [count], [name], [ref_id]) VALUES (7, CAST(N'2019-07-31T18:23:26.1890000' AS DateTime2), 5, N'Activity', N'### 很高興能夠代表台灣出賽
這次比賽前，
我就熱血沸騰想要大展身手，
把這些日子的設計都展現出來，

謝謝評審給我的肯定，
我會繼續加油，
朝卓越邁進！

![](http://diabolo.jp/TIDC/img/competitors/wohaozhong.png)', 5, N'扯鈴文化', 39)
INSERT [dbo].[article] ([id], [announce], [announced_user_id], [article_type], [content], [count], [name], [ref_id]) VALUES (8, CAST(N'2019-07-31T18:26:33.1340000' AS DateTime2), 17, N'Activity', N'[![雜誌](http://pic.f-2.com.tw/covers/ffm201907c.jpg "雜誌")](http://pic.f-2.com.tw/covers/ffm201907c.jpg "雜誌")

FF34的社團入場證已全數寄出，各社團應可在幾個工作日內陸續收到，若有任何問題歡迎來信反映circle@f-2.com.tw。（為加快處理速度，來信請告知活動場次與社團名稱。）

本次入場將執行一人一證入場制，入場前請務必將小幫手憑證撕開分給您的小幫手，才能順利進場喔！

若小幫手尚未購買場刊，將在入場時另設一區販售，與報到處分開排隊。建議提前先購買場刊，可加快進場速度！場刊販售店家請點我

[![FF34](https://68.media.tumblr.com/7a8d56b7a784ef7c18f9906e4465d94c/tumblr_onmdd4F7RX1uew1d4o1_1280.jpg "FF34")](https://68.media.tumblr.com/7a8d56b7a784ef7c18f9906e4465d94c/tumblr_onmdd4F7RX1uew1d4o1_1280.jpg "FF34")
（圖片僅為示意，詳細安排將依現場為準）

詳細說明請見隨信附上之社團須知。

 

☆☆☆☆☆☆☆☆☆☆☆☆

若在活動前仍未收到入場證，請攜帶社團報名負責人的身份證件，於社團入場時到社團補證處出示身份證件換證入場，若擺攤者非社團負責人且無法取得負責人證件，最晚請於活動三日前與主辦單位聯絡以更換報到人姓名。（活動前兩日為活動前置，可能無法收信，有需要的社團還請盡早來信告知。）

社團貨物寄送方式：本活動與黑貓宅急便合作，實行活動前夜貨物寄送。欲使用前夜寄物之社團，最晚請在7月24日下午14:00前寄出，且必須在託運單上寫明攤位名稱與攤位編號，並在箱子的明顯處貼上社團用前夜寄物表格，如果是請印刷廠代為寄送，也務必告知印刷廠遵照格式辦理。若任何一箱的託運單與前夜寄物表格其中的任何一張未填寫、或字體潦草至會造成主辦單位辨識上的困難，主辦單位有權拒收該箱並予以退回。詳細寄物方式請務必閱讀社團送貨資訊之每一項說明。

其餘注意事項請見隨社團入場證寄發之社團須知上的說明。', 2, N'【FF34】社團入場證寄出與社團貨物寄送辦法', 31)
INSERT [dbo].[article] ([id], [announce], [announced_user_id], [article_type], [content], [count], [name], [ref_id]) VALUES (9, CAST(N'2019-07-31T18:27:44.9100000' AS DateTime2), 9, N'Activity', N'為了與學生拉進距離，桃園市有一位補教老師陳熒家，特別學習摺氣球送給學生，甚至還因此報名桃園市街頭藝人徵選，成了一位氣球街頭藝人，陳熒家表示，靠著在街頭吹氣球賣藝，不但讓她的人生方向大不同，也讓女兒愛上這樣的才藝，兩人也會一起研發不同造型的氣球，而每一次與女兒的造型氣球演出，都能讓路過的大小朋友樂開懷。
![](https://i.ytimg.com/vi/C88gtpe2l5E/maxresdefault.jpg)

請大家多多關注喔 <3 啾咪

![](https://6.share.photo.xuite.net/wendy.qq.0221/1664ab2/12185719/701645627_l.jpg)', 9, N'補教老師成為氣球天使', 38)
INSERT [dbo].[article] ([id], [announce], [announced_user_id], [article_type], [content], [count], [name], [ref_id]) VALUES (10, CAST(N'2019-07-31T18:30:00.0000000' AS DateTime2), 1, N'Other', N'# 系統將於2019/7/25 13:00 ~ 15:00 進行維護
![](http://www.r-rcooling.com/wp-content/uploads/2016/07/maintenance.gif)
### 訊息
#### 各位Jayee的用戶午安，為了提升網站品質，
#### 本網將於2019/7/25 13:00 ~ 15:00 進行維護，屆時將暫時關閉伺服器，
#### 造成您的不便，我們深感抱歉。', 20, N'網站維護公告', 1)
SET IDENTITY_INSERT [dbo].[article] OFF
ALTER TABLE article CHECK CONSTRAINT ALL;
ALTER TABLE chat_message_store NOCHECK CONSTRAINT ALL;
SET IDENTITY_INSERT [dbo].[chat_message_store] ON 
INSERT [dbo].[chat_message_store] ([id], [content], [message_time], [receiver], [sender], [user_display_name]) VALUES (1, N'我4雅伊', CAST(N'2019-07-11T19:10:00.0000000' AS DateTime2), N'admin100', N'artist001', N'JayeeAdm')
INSERT [dbo].[chat_message_store] ([id], [content], [message_time], [receiver], [sender], [user_display_name]) VALUES (2, N'午餐吃什麼？', CAST(N'2019-07-11T19:20:00.0000000' AS DateTime2), N'admin100', N'123', N'JayeeAdm')
INSERT [dbo].[chat_message_store] ([id], [content], [message_time], [receiver], [sender], [user_display_name]) VALUES (3, N'隨便吧', CAST(N'2019-07-11T19:20:01.0000000' AS DateTime2), N'123', N'admin100', N'Scofield')
INSERT [dbo].[chat_message_store] ([id], [content], [message_time], [receiver], [sender], [user_display_name]) VALUES (4, N'滷肉飯', CAST(N'2019-07-11T19:20:02.0000000' AS DateTime2), N'admin100', N'123', N'JayeeAdm')
INSERT [dbo].[chat_message_store] ([id], [content], [message_time], [receiver], [sender], [user_display_name]) VALUES (5, N'有點油', CAST(N'2019-07-11T19:20:03.0000000' AS DateTime2), N'123', N'admin100', N'Scofield')
INSERT [dbo].[chat_message_store] ([id], [content], [message_time], [receiver], [sender], [user_display_name]) VALUES (6, N'那..小火鍋嗎', CAST(N'2019-07-11T19:20:04.0000000' AS DateTime2), N'admin100', N'123', N'JayeeAdm')
INSERT [dbo].[chat_message_store] ([id], [content], [message_time], [receiver], [sender], [user_display_name]) VALUES (7, N'很熱欸@@!', CAST(N'2019-07-11T19:20:05.0000000' AS DateTime2), N'123', N'admin100', N'Scofield')
INSERT [dbo].[chat_message_store] ([id], [content], [message_time], [receiver], [sender], [user_display_name]) VALUES (8, N'掰掰', CAST(N'2019-07-11T19:20:06.0000000' AS DateTime2), N'admin100', N'123', N'JayeeAdm')
INSERT [dbo].[chat_message_store] ([id], [content], [message_time], [receiver], [sender], [user_display_name]) VALUES (9, N'你生氣了噢', CAST(N'2019-07-11T19:20:07.0000000' AS DateTime2), N'123', N'admin100', N'Scofield')
INSERT [dbo].[chat_message_store] ([id], [content], [message_time], [receiver], [sender], [user_display_name]) VALUES (10, N'沒有阿', CAST(N'2019-07-11T19:20:08.0000000' AS DateTime2), N'admin100', N'123', N'JayeeAdm')
INSERT [dbo].[chat_message_store] ([id], [content], [message_time], [receiver], [sender], [user_display_name]) VALUES (11, N'你為什麼要生氣啊', CAST(N'2019-07-11T19:20:09.0000000' AS DateTime2), N'123', N'admin100', N'Scofield')
INSERT [dbo].[chat_message_store] ([id], [content], [message_time], [receiver], [sender], [user_display_name]) VALUES (12, N'我沒間考慮太久，隨便吃吃', CAST(N'2019-07-11T19:20:10.0000000' AS DateTime2), N'admin100', N'123', N'JayeeAdm')
INSERT [dbo].[chat_message_store] ([id], [content], [message_time], [receiver], [sender], [user_display_name]) VALUES (13, N'那就隨便吃阿', CAST(N'2019-07-11T19:20:11.0000000' AS DateTime2), N'123', N'admin100', N'Scofield')
INSERT [dbo].[chat_message_store] ([id], [content], [message_time], [receiver], [sender], [user_display_name]) VALUES (14, N'牛肉麵?', CAST(N'2019-07-11T19:20:12.0000000' AS DateTime2), N'admin100', N'123', N'JayeeAdm')
INSERT [dbo].[chat_message_store] ([id], [content], [message_time], [receiver], [sender], [user_display_name]) VALUES (15, N'你等我一下我有電話', CAST(N'2019-07-11T19:20:13.0000000' AS DateTime2), N'123', N'admin100', N'Scofield')
INSERT [dbo].[chat_message_store] ([id], [content], [message_time], [receiver], [sender], [user_display_name]) VALUES (16, N'還沒好嗎??', CAST(N'2019-07-11T19:50:14.0000000' AS DateTime2), N'admin100', N'123', N'JayeeAdm')
INSERT [dbo].[chat_message_store] ([id], [content], [message_time], [receiver], [sender], [user_display_name]) VALUES (17, N'啊!我朋友找我吃飯', CAST(N'2019-07-11T19:50:15.0000000' AS DateTime2), N'123', N'admin100', N'Scofield')
INSERT [dbo].[chat_message_store] ([id], [content], [message_time], [receiver], [sender], [user_display_name]) VALUES (18, N'我在餐廳了耶', CAST(N'2019-07-11T19:50:16.0000000' AS DateTime2), N'123', N'admin100', N'Scofield')
INSERT [dbo].[chat_message_store] ([id], [content], [message_time], [receiver], [sender], [user_display_name]) VALUES (19, N'刪好友吧^^', CAST(N'2019-07-11T19:50:17.0000000' AS DateTime2), N'admin100', N'123', N'JayeeAdm')
INSERT [dbo].[chat_message_store] ([id], [content], [message_time], [receiver], [sender], [user_display_name]) VALUES (20, N'......', CAST(N'2019-07-11T19:50:18.0000000' AS DateTime2), N'123', N'admin100', N'Scofield')
INSERT [dbo].[chat_message_store] ([id], [content], [message_time], [receiver], [sender], [user_display_name]) VALUES (21, N'人生短短幾個秋~', CAST(N'2019-07-11T19:50:19.0000000' AS DateTime2), N'admin100', N'123', N'JayeeAdm')
INSERT [dbo].[chat_message_store] ([id], [content], [message_time], [receiver], [sender], [user_display_name]) VALUES (22, N'請你喝蜂蜜檸檬？', CAST(N'2019-07-11T19:50:20.0000000' AS DateTime2), N'123', N'admin100', N'Scofield')
INSERT [dbo].[chat_message_store] ([id], [content], [message_time], [receiver], [sender], [user_display_name]) VALUES (23, N'可可可可可可可以喔', CAST(N'2019-07-11T19:50:21.0000000' AS DateTime2), N'admin100', N'123', N'JayeeAdm')
INSERT [dbo].[chat_message_store] ([id], [content], [message_time], [receiver], [sender], [user_display_name]) VALUES (24, N'算了，手頭有點緊，還是刪吧', CAST(N'2019-07-11T19:50:22.0000000' AS DateTime2), N'123', N'admin100', N'Scofield')
INSERT [dbo].[chat_message_store] ([id], [content], [message_time], [receiver], [sender], [user_display_name]) VALUES (25, N'嗨，管理員', CAST(N'2019-07-31T16:12:42.2980000' AS DateTime2), N'admin', N'artist001', N'林子安')
INSERT [dbo].[chat_message_store] ([id], [content], [message_time], [receiver], [sender], [user_display_name]) VALUES (26, N'?', CAST(N'2019-07-31T16:12:55.0670000' AS DateTime2), N'artist001', N'admin', N'ADMIN_BOT')
INSERT [dbo].[chat_message_store] ([id], [content], [message_time], [receiver], [sender], [user_display_name]) VALUES (27, N'我在操作影片的新增部分有些問題', CAST(N'2019-07-31T16:13:09.8270000' AS DateTime2), N'admin', N'artist001', N'林子安')
INSERT [dbo].[chat_message_store] ([id], [content], [message_time], [receiver], [sender], [user_display_name]) VALUES (28, N'請問是哪個部分出問題?', CAST(N'2019-07-31T16:14:08.5400000' AS DateTime2), N'artist001', N'admin', N'ADMIN_BOT')
INSERT [dbo].[chat_message_store] ([id], [content], [message_time], [receiver], [sender], [user_display_name]) VALUES (29, N'好啦不鬧了', CAST(N'2019-07-31T16:14:34.4660000' AS DateTime2), N'admin', N'artist001', N'林子安')
INSERT [dbo].[chat_message_store] ([id], [content], [message_time], [receiver], [sender], [user_display_name]) VALUES (30, N'這個禮拜六要去唱歌嗎', CAST(N'2019-07-31T16:14:46.1770000' AS DateTime2), N'admin', N'artist001', N'林子安')
INSERT [dbo].[chat_message_store] ([id], [content], [message_time], [receiver], [sender], [user_display_name]) VALUES (31, N'不了 你唱歌好難聽', CAST(N'2019-07-31T16:15:10.0800000' AS DateTime2), N'artist001', N'admin', N'ADMIN_BOT')
INSERT [dbo].[chat_message_store] ([id], [content], [message_time], [receiver], [sender], [user_display_name]) VALUES (32, N'我進步了啦', CAST(N'2019-07-31T16:15:28.5080000' AS DateTime2), N'admin', N'artist001', N'林子安')
INSERT [dbo].[chat_message_store] ([id], [content], [message_time], [receiver], [sender], [user_display_name]) VALUES (33, N'再聽聽看嗎？', CAST(N'2019-07-31T16:15:39.8090000' AS DateTime2), N'admin', N'artist001', N'林子安')
INSERT [dbo].[chat_message_store] ([id], [content], [message_time], [receiver], [sender], [user_display_name]) VALUES (34, N'上次聽你唱完歌', CAST(N'2019-07-31T16:15:49.8560000' AS DateTime2), N'artist001', N'admin', N'ADMIN_BOT')
INSERT [dbo].[chat_message_store] ([id], [content], [message_time], [receiver], [sender], [user_display_name]) VALUES (35, N'嗯?', CAST(N'2019-07-31T16:16:10.9440000' AS DateTime2), N'admin', N'artist001', N'林子安')
INSERT [dbo].[chat_message_store] ([id], [content], [message_time], [receiver], [sender], [user_display_name]) VALUES (36, N'我在廁所裡面吐到臺錢結束', CAST(N'2019-07-31T16:16:34.9080000' AS DateTime2), N'artist001', N'admin', N'ADMIN_BOT')
INSERT [dbo].[chat_message_store] ([id], [content], [message_time], [receiver], [sender], [user_display_name]) VALUES (37, N'還沒人來找我', CAST(N'2019-07-31T16:16:45.6900000' AS DateTime2), N'artist001', N'admin', N'ADMIN_BOT')
INSERT [dbo].[chat_message_store] ([id], [content], [message_time], [receiver], [sender], [user_display_name]) VALUES (38, N'一般聽我唱歌是耳朵懷孕', CAST(N'2019-07-31T16:16:59.2190000' AS DateTime2), N'admin', N'artist001', N'林子安')
INSERT [dbo].[chat_message_store] ([id], [content], [message_time], [receiver], [sender], [user_display_name]) VALUES (39, N'沒見過真的懷孕的', CAST(N'2019-07-31T16:17:06.9240000' AS DateTime2), N'admin', N'artist001', N'林子安')
INSERT [dbo].[chat_message_store] ([id], [content], [message_time], [receiver], [sender], [user_display_name]) VALUES (40, N'這次我會注意啦', CAST(N'2019-07-31T16:17:21.1470000' AS DateTime2), N'admin', N'artist001', N'林子安')
INSERT [dbo].[chat_message_store] ([id], [content], [message_time], [receiver], [sender], [user_display_name]) VALUES (41, N'我負責', CAST(N'2019-07-31T16:17:24.5990000' AS DateTime2), N'admin', N'artist001', N'林子安')
INSERT [dbo].[chat_message_store] ([id], [content], [message_time], [receiver], [sender], [user_display_name]) VALUES (42, N'....包廂費幫我出一半我就去', CAST(N'2019-07-31T16:18:02.5760000' AS DateTime2), N'artist001', N'admin', N'ADMIN_BOT')
INSERT [dbo].[chat_message_store] ([id], [content], [message_time], [receiver], [sender], [user_display_name]) VALUES (43, N'欸你知道阿明嗎', CAST(N'2019-07-31T16:19:29.5290000' AS DateTime2), N'admin', N'artist001', N'林子安')
INSERT [dbo].[chat_message_store] ([id], [content], [message_time], [receiver], [sender], [user_display_name]) VALUES (44, N'哪個阿明', CAST(N'2019-07-31T16:25:38.2760000' AS DateTime2), N'artist001', N'admin', N'ADMIN_BOT')
INSERT [dbo].[chat_message_store] ([id], [content], [message_time], [receiver], [sender], [user_display_name]) VALUES (45, N'小華的朋友', CAST(N'2019-07-31T16:25:48.8110000' AS DateTime2), N'admin', N'artist001', N'林子安')
INSERT [dbo].[chat_message_store] ([id], [content], [message_time], [receiver], [sender], [user_display_name]) VALUES (46, N'阿明', CAST(N'2019-07-31T16:25:52.3250000' AS DateTime2), N'admin', N'artist001', N'林子安')
INSERT [dbo].[chat_message_store] ([id], [content], [message_time], [receiver], [sender], [user_display_name]) VALUES (47, N'他們的共同好友你知道嗎', CAST(N'2019-07-31T16:26:11.3070000' AS DateTime2), N'admin', N'artist001', N'林子安')
INSERT [dbo].[chat_message_store] ([id], [content], [message_time], [receiver], [sender], [user_display_name]) VALUES (48, N'沒欸', CAST(N'2019-07-31T16:26:50.5990000' AS DateTime2), N'artist001', N'admin', N'ADMIN_BOT')
INSERT [dbo].[chat_message_store] ([id], [content], [message_time], [receiver], [sender], [user_display_name]) VALUES (49, N'', CAST(N'2019-07-31T16:26:51.5510000' AS DateTime2), N'artist001', N'admin', N'ADMIN_BOT')
INSERT [dbo].[chat_message_store] ([id], [content], [message_time], [receiver], [sender], [user_display_name]) VALUES (50, N'叫小美', CAST(N'2019-07-31T16:26:56.2360000' AS DateTime2), N'admin', N'artist001', N'林子安')
INSERT [dbo].[chat_message_store] ([id], [content], [message_time], [receiver], [sender], [user_display_name]) VALUES (51, N'我只知道小賀', CAST(N'2019-07-31T16:27:27.8150000' AS DateTime2), N'artist001', N'admin', N'ADMIN_BOT')
INSERT [dbo].[chat_message_store] ([id], [content], [message_time], [receiver], [sender], [user_display_name]) VALUES (52, N'我先去洗澡了', CAST(N'2019-07-31T16:27:45.0170000' AS DateTime2), N'admin', N'artist001', N'林子安')
INSERT [dbo].[chat_message_store] ([id], [content], [message_time], [receiver], [sender], [user_display_name]) VALUES (53, N'滾', CAST(N'2019-07-31T16:28:28.6150000' AS DateTime2), N'artist001', N'admin', N'ADMIN_BOT')
INSERT [dbo].[chat_message_store] ([id], [content], [message_time], [receiver], [sender], [user_display_name]) VALUES (54, N'晚餐吃什麼', CAST(N'2019-07-31T17:30:33.7270000' AS DateTime2), N'artist002', N'admin', N'ADMIN_BOT')
INSERT [dbo].[chat_message_store] ([id], [content], [message_time], [receiver], [sender], [user_display_name]) VALUES (55, N'你想好了嗎', CAST(N'2019-07-31T17:30:46.5220000' AS DateTime2), N'artist002', N'admin', N'ADMIN_BOT')
INSERT [dbo].[chat_message_store] ([id], [content], [message_time], [receiver], [sender], [user_display_name]) VALUES (56, N'還沒耶', CAST(N'2019-07-31T17:31:40.6040000' AS DateTime2), N'admin', N'artist002', N'羅小白')
INSERT [dbo].[chat_message_store] ([id], [content], [message_time], [receiver], [sender], [user_display_name]) VALUES (57, N'你想吃什麼', CAST(N'2019-07-31T17:31:53.1910000' AS DateTime2), N'admin', N'artist002', N'羅小白')
INSERT [dbo].[chat_message_store] ([id], [content], [message_time], [receiver], [sender], [user_display_name]) VALUES (58, N'小火鍋好像不錯', CAST(N'2019-07-31T17:32:10.2370000' AS DateTime2), N'artist002', N'admin', N'ADMIN_BOT')
INSERT [dbo].[chat_message_store] ([id], [content], [message_time], [receiver], [sender], [user_display_name]) VALUES (59, N'哪家', CAST(N'2019-07-31T17:32:17.4580000' AS DateTime2), N'admin', N'artist002', N'羅小白')
INSERT [dbo].[chat_message_store] ([id], [content], [message_time], [receiver], [sender], [user_display_name]) VALUES (60, N'鼎饌嗎？還是8鍋？', CAST(N'2019-07-31T17:32:35.5630000' AS DateTime2), N'artist002', N'admin', N'ADMIN_BOT')
INSERT [dbo].[chat_message_store] ([id], [content], [message_time], [receiver], [sender], [user_display_name]) VALUES (61, N'還是吃水餃？', CAST(N'2019-07-31T17:32:43.9610000' AS DateTime2), N'admin', N'artist002', N'羅小白')
INSERT [dbo].[chat_message_store] ([id], [content], [message_time], [receiver], [sender], [user_display_name]) VALUES (62, N'123', CAST(N'2019-07-31T17:32:53.7050000' AS DateTime2), N'admin', N'artist002', N'羅小白')
INSERT [dbo].[chat_message_store] ([id], [content], [message_time], [receiver], [sender], [user_display_name]) VALUES (63, N'??', CAST(N'2019-07-31T17:33:14.6760000' AS DateTime2), N'artist002', N'admin', N'ADMIN_BOT')
INSERT [dbo].[chat_message_store] ([id], [content], [message_time], [receiver], [sender], [user_display_name]) VALUES (64, N'打錯字', CAST(N'2019-07-31T17:33:18.6190000' AS DateTime2), N'admin', N'artist002', N'羅小白')
INSERT [dbo].[chat_message_store] ([id], [content], [message_time], [receiver], [sender], [user_display_name]) VALUES (65, N'你想吃水餃嗎', CAST(N'2019-07-31T17:33:31.1850000' AS DateTime2), N'artist002', N'admin', N'ADMIN_BOT')
INSERT [dbo].[chat_message_store] ([id], [content], [message_time], [receiver], [sender], [user_display_name]) VALUES (66, N'其實還好', CAST(N'2019-07-31T17:33:35.3310000' AS DateTime2), N'admin', N'artist002', N'羅小白')
INSERT [dbo].[chat_message_store] ([id], [content], [message_time], [receiver], [sender], [user_display_name]) VALUES (67, N'我附近有人在吃泡麵....', CAST(N'2019-07-31T17:34:02.2950000' AS DateTime2), N'artist002', N'admin', N'ADMIN_BOT')
INSERT [dbo].[chat_message_store] ([id], [content], [message_time], [receiver], [sender], [user_display_name]) VALUES (68, N'餓', CAST(N'2019-07-31T17:34:18.6620000' AS DateTime2), N'admin', N'artist002', N'羅小白')
INSERT [dbo].[chat_message_store] ([id], [content], [message_time], [receiver], [sender], [user_display_name]) VALUES (69, N'黑小白', CAST(N'2019-07-31T17:38:59.2990000' AS DateTime2), N'artist002', N'admin', N'ADMIN_BOT')
INSERT [dbo].[chat_message_store] ([id], [content], [message_time], [receiver], [sender], [user_display_name]) VALUES (70, N'在嗎？', CAST(N'2019-07-31T17:39:27.0950000' AS DateTime2), N'artist002', N'admin', N'ADMIN_BOT')
INSERT [dbo].[chat_message_store] ([id], [content], [message_time], [receiver], [sender], [user_display_name]) VALUES (71, N'我這邊有個case', CAST(N'2019-07-31T17:39:49.3760000' AS DateTime2), N'artist002', N'admin', N'ADMIN_BOT')
INSERT [dbo].[chat_message_store] ([id], [content], [message_time], [receiver], [sender], [user_display_name]) VALUES (72, N'要跟你敲時間', CAST(N'2019-07-31T17:40:04.9400000' AS DateTime2), N'artist002', N'admin', N'ADMIN_BOT')
INSERT [dbo].[chat_message_store] ([id], [content], [message_time], [receiver], [sender], [user_display_name]) VALUES (73, N'地點跟時間在哪呢？', CAST(N'2019-07-31T17:40:17.4260000' AS DateTime2), N'admin', N'artist002', N'羅小白')
INSERT [dbo].[chat_message_store] ([id], [content], [message_time], [receiver], [sender], [user_display_name]) VALUES (74, N'先和你確認時間', CAST(N'2019-07-31T17:40:57.1800000' AS DateTime2), N'artist002', N'admin', N'ADMIN_BOT')
INSERT [dbo].[chat_message_store] ([id], [content], [message_time], [receiver], [sender], [user_display_name]) VALUES (75, N'ok嗎？', CAST(N'2019-07-31T18:12:42.5240000' AS DateTime2), N'artist002', N'admin', N'ADMIN_BOT')
SET IDENTITY_INSERT [dbo].[chat_message_store] OFF
ALTER TABLE chat_message_store CHECK CONSTRAINT ALL;
ALTER TABLE notice NOCHECK CONSTRAINT ALL;
SET IDENTITY_INSERT [dbo].[notice] ON 
INSERT [dbo].[notice] ([id], [content], [friend_status], [readed], [receiver], [sender], [send_time], [url]) VALUES (6, N'林子安已新增活動: 當古典遇上流行，點我觀看', NULL, 1, 1, NULL, CAST(N'2019-07-31T14:13:08.6550000' AS DateTime2), N'/activity/view/1')
INSERT [dbo].[notice] ([id], [content], [friend_status], [readed], [receiver], [sender], [send_time], [url]) VALUES (7, N'林子安新增了1部表演', NULL, 1, 1, NULL, CAST(N'2019-07-31T14:15:03.6080000' AS DateTime2), N'/artist001')
INSERT [dbo].[notice] ([id], [content], [friend_status], [readed], [receiver], [sender], [send_time], [url]) VALUES (8, N'林子安新增了1部表演', NULL, 1, 1, NULL, CAST(N'2019-07-31T14:20:34.4900000' AS DateTime2), N'/artist001')
INSERT [dbo].[notice] ([id], [content], [friend_status], [readed], [receiver], [sender], [send_time], [url]) VALUES (9, N'羅小白已新增活動: 卜此克此此卜克此，點我觀看', NULL, 1, 1, NULL, CAST(N'2019-07-31T14:30:05.4350000' AS DateTime2), N'/activity/view/3')
INSERT [dbo].[notice] ([id], [content], [friend_status], [readed], [receiver], [sender], [send_time], [url]) VALUES (10, N'羅小白新增了1部表演', NULL, 1, 1, NULL, CAST(N'2019-07-31T14:44:22.6510000' AS DateTime2), N'/artist002')
INSERT [dbo].[notice] ([id], [content], [friend_status], [readed], [receiver], [sender], [send_time], [url]) VALUES (11, N'羅小白已新增活動: 獨一無二，點我觀看', NULL, 1, 1, NULL, CAST(N'2019-07-31T14:56:13.5620000' AS DateTime2), N'/activity/view/6')
INSERT [dbo].[notice] ([id], [content], [friend_status], [readed], [receiver], [sender], [send_time], [url]) VALUES (12, N'楊世豪對你發送好友邀請', N'已接受', 1, 2, 12, CAST(N'2019-07-31T15:35:12.8010000' AS DateTime2), N'/artist011')
INSERT [dbo].[notice] ([id], [content], [friend_status], [readed], [receiver], [sender], [send_time], [url]) VALUES (13, N'楊世豪對你發送好友邀請', N'已接受', 1, 3, 12, CAST(N'2019-07-31T17:03:49.5240000' AS DateTime2), N'/artist011')
INSERT [dbo].[notice] ([id], [content], [friend_status], [readed], [receiver], [sender], [send_time], [url]) VALUES (14, N'林子安新增了2部表演', NULL, 1, 1, NULL, CAST(N'2019-07-31T15:37:20.0960000' AS DateTime2), N'/artist001')
INSERT [dbo].[notice] ([id], [content], [friend_status], [readed], [receiver], [sender], [send_time], [url]) VALUES (15, N'林子安新增了2部表演', NULL, 0, 12, NULL, CAST(N'2019-07-31T15:37:20.0970000' AS DateTime2), N'/artist001')
INSERT [dbo].[notice] ([id], [content], [friend_status], [readed], [receiver], [sender], [send_time], [url]) VALUES (16, N'林子安新增了1部表演', NULL, 1, 1, NULL, CAST(N'2019-07-31T16:32:11.8460000' AS DateTime2), N'/artist001')
INSERT [dbo].[notice] ([id], [content], [friend_status], [readed], [receiver], [sender], [send_time], [url]) VALUES (17, N'林子安新增了1部表演', NULL, 0, 12, NULL, CAST(N'2019-07-31T16:32:11.8510000' AS DateTime2), N'/artist001')
INSERT [dbo].[notice] ([id], [content], [friend_status], [readed], [receiver], [sender], [send_time], [url]) VALUES (18, N'可達對你發送好友邀請', N'已接受', 1, 9, 8, CAST(N'2019-07-31T16:58:59.0410000' AS DateTime2), N'/artist007')
INSERT [dbo].[notice] ([id], [content], [friend_status], [readed], [receiver], [sender], [send_time], [url]) VALUES (19, N'您已追蹤活動: 「氣球天使」舞熱台灣', NULL, 1, 8, NULL, CAST(N'2019-07-31T16:58:38.7610000' AS DateTime2), N'/activity/view/38')
INSERT [dbo].[notice] ([id], [content], [friend_status], [readed], [receiver], [sender], [send_time], [url]) VALUES (20, N'氣球天使已編輯活動: 「氣球天使」舞熱台灣，點我觀看', NULL, 1, 8, NULL, CAST(N'2019-07-31T17:00:36.0990000' AS DateTime2), N'/activity/view/38')
INSERT [dbo].[notice] ([id], [content], [friend_status], [readed], [receiver], [sender], [send_time], [url]) VALUES (21, N'您已追蹤活動: 「氣球天使」舞熱台灣', NULL, 1, 8, NULL, CAST(N'2019-07-31T17:02:04.5160000' AS DateTime2), N'/activity/view/38')
INSERT [dbo].[notice] ([id], [content], [friend_status], [readed], [receiver], [sender], [send_time], [url]) VALUES (22, N'林子安新增了2部表演', NULL, 1, 1, NULL, CAST(N'2019-07-31T17:03:02.9020000' AS DateTime2), N'/artist001')
INSERT [dbo].[notice] ([id], [content], [friend_status], [readed], [receiver], [sender], [send_time], [url]) VALUES (23, N'林子安新增了2部表演', NULL, 0, 12, NULL, CAST(N'2019-07-31T17:03:02.9050000' AS DateTime2), N'/artist001')
INSERT [dbo].[notice] ([id], [content], [friend_status], [readed], [receiver], [sender], [send_time], [url]) VALUES (24, N'氣球天使已編輯活動: 「氣球天使」舞熱台灣，點我觀看', NULL, 1, 8, NULL, CAST(N'2019-07-31T17:04:09.6550000' AS DateTime2), N'/activity/view/38')
INSERT [dbo].[notice] ([id], [content], [friend_status], [readed], [receiver], [sender], [send_time], [url]) VALUES (25, N'您已追蹤活動: 「氣球天使」舞熱台灣', NULL, 1, 8, NULL, CAST(N'2019-07-31T17:04:24.7640000' AS DateTime2), N'/activity/view/38')
INSERT [dbo].[notice] ([id], [content], [friend_status], [readed], [receiver], [sender], [send_time], [url]) VALUES (26, N'羅小白新增了2部表演', NULL, 1, 1, NULL, CAST(N'2019-07-31T17:04:44.4230000' AS DateTime2), N'/artist002')
INSERT [dbo].[notice] ([id], [content], [friend_status], [readed], [receiver], [sender], [send_time], [url]) VALUES (27, N'羅小白新增了2部表演', NULL, 0, 12, NULL, CAST(N'2019-07-31T17:04:44.4240000' AS DateTime2), N'/artist002')
INSERT [dbo].[notice] ([id], [content], [friend_status], [readed], [receiver], [sender], [send_time], [url]) VALUES (28, N'氣球天使已編輯活動: 「氣球天使」舞熱台灣，點我觀看', NULL, 1, 8, NULL, CAST(N'2019-07-31T17:05:50.0870000' AS DateTime2), N'/activity/view/38')
INSERT [dbo].[notice] ([id], [content], [friend_status], [readed], [receiver], [sender], [send_time], [url]) VALUES (29, N'氣球天使已編輯活動: 「氣球天使」舞熱台灣，點我觀看', NULL, 1, 8, NULL, CAST(N'2019-07-31T17:06:48.3950000' AS DateTime2), N'/activity/view/38')
INSERT [dbo].[notice] ([id], [content], [friend_status], [readed], [receiver], [sender], [send_time], [url]) VALUES (30, N'羅小白新增了1部表演', NULL, 1, 1, NULL, CAST(N'2019-07-31T17:06:51.3000000' AS DateTime2), N'/artist002')
INSERT [dbo].[notice] ([id], [content], [friend_status], [readed], [receiver], [sender], [send_time], [url]) VALUES (31, N'羅小白新增了1部表演', NULL, 0, 12, NULL, CAST(N'2019-07-31T17:06:51.3030000' AS DateTime2), N'/artist002')
INSERT [dbo].[notice] ([id], [content], [friend_status], [readed], [receiver], [sender], [send_time], [url]) VALUES (32, N'可達已編輯活動: 現場氣球活動，點我觀看', NULL, 1, 9, NULL, CAST(N'2019-07-31T17:19:39.9130000' AS DateTime2), N'/activity/view/40')
INSERT [dbo].[notice] ([id], [content], [friend_status], [readed], [receiver], [sender], [send_time], [url]) VALUES (34, N'可達已編輯活動: 水彩人物寫生，點我觀看', NULL, 1, 9, NULL, CAST(N'2019-07-31T17:23:49.8940000' AS DateTime2), N'/activity/view/44')
INSERT [dbo].[notice] ([id], [content], [friend_status], [readed], [receiver], [sender], [send_time], [url]) VALUES (35, N'可達已編輯活動: 水彩人物寫生，點我觀看', NULL, 1, 9, NULL, CAST(N'2019-07-31T17:24:14.4610000' AS DateTime2), N'/activity/view/44')
INSERT [dbo].[notice] ([id], [content], [friend_status], [readed], [receiver], [sender], [send_time], [url]) VALUES (36, N'吳顥中新增了3部表演', NULL, 1, 1, NULL, CAST(N'2019-07-31T17:24:45.0320000' AS DateTime2), N'/artist004')
INSERT [dbo].[notice] ([id], [content], [friend_status], [readed], [receiver], [sender], [send_time], [url]) VALUES (37, N'羅小白已新增活動: 小白之太鼓達人，點我觀看', NULL, 1, 1, NULL, CAST(N'2019-07-31T17:34:43.0060000' AS DateTime2), N'/activity/view/19')
INSERT [dbo].[notice] ([id], [content], [friend_status], [readed], [receiver], [sender], [send_time], [url]) VALUES (38, N'羅小白已新增活動: 小白之太鼓達人，點我觀看', NULL, 0, 12, NULL, CAST(N'2019-07-31T17:34:43.0110000' AS DateTime2), N'/activity/view/19')
INSERT [dbo].[notice] ([id], [content], [friend_status], [readed], [receiver], [sender], [send_time], [url]) VALUES (39, N'可達已編輯活動: 氣球可達來囉!，點我觀看', NULL, 1, 9, NULL, CAST(N'2019-07-31T17:37:30.2630000' AS DateTime2), N'/activity/view/44')
INSERT [dbo].[notice] ([id], [content], [friend_status], [readed], [receiver], [sender], [send_time], [url]) VALUES (40, N'羅小白新增了1部表演', NULL, 1, 1, NULL, CAST(N'2019-07-31T17:37:39.0400000' AS DateTime2), N'/artist002')
INSERT [dbo].[notice] ([id], [content], [friend_status], [readed], [receiver], [sender], [send_time], [url]) VALUES (41, N'羅小白新增了1部表演', NULL, 0, 12, NULL, CAST(N'2019-07-31T17:37:39.0450000' AS DateTime2), N'/artist002')
INSERT [dbo].[notice] ([id], [content], [friend_status], [readed], [receiver], [sender], [send_time], [url]) VALUES (42, N'羅小白對你發送好友邀請', N'申請中', 0, 16, 3, NULL, N'/artist002')
INSERT [dbo].[notice] ([id], [content], [friend_status], [readed], [receiver], [sender], [send_time], [url]) VALUES (43, N'羅小白對你發送好友邀請', N'申請中', 0, 7, 3, NULL, N'/artist002')
INSERT [dbo].[notice] ([id], [content], [friend_status], [readed], [receiver], [sender], [send_time], [url]) VALUES (44, N'羅小白對你發送好友邀請', N'申請中', 0, 4, 3, NULL, N'/artist002')
INSERT [dbo].[notice] ([id], [content], [friend_status], [readed], [receiver], [sender], [send_time], [url]) VALUES (45, N'羅小白對你發送好友邀請', N'申請中', 0, 14, 3, NULL, N'/artist002')
INSERT [dbo].[notice] ([id], [content], [friend_status], [readed], [receiver], [sender], [send_time], [url]) VALUES (46, N'羅小白對你發送好友邀請', N'申請中', 0, 18, 3, NULL, N'/artist002')
INSERT [dbo].[notice] ([id], [content], [friend_status], [readed], [receiver], [sender], [send_time], [url]) VALUES (47, N'可達已編輯活動: 氣球可達來囉!，點我觀看', NULL, 1, 9, NULL, CAST(N'2019-07-31T17:47:08.4780000' AS DateTime2), N'/activity/view/44')
INSERT [dbo].[notice] ([id], [content], [friend_status], [readed], [receiver], [sender], [send_time], [url]) VALUES (48, N'ADMIN_BOT已新增活動: 水彩人物寫生，點我觀看', NULL, 1, 2, NULL, CAST(N'2019-07-31T17:56:53.2920000' AS DateTime2), N'/activity/view/20')
INSERT [dbo].[notice] ([id], [content], [friend_status], [readed], [receiver], [sender], [send_time], [url]) VALUES (49, N'ADMIN_BOT已新增活動: 水彩人物寫生，點我觀看', NULL, 1, 3, NULL, CAST(N'2019-07-31T17:56:53.2940000' AS DateTime2), N'/activity/view/20')
INSERT [dbo].[notice] ([id], [content], [friend_status], [readed], [receiver], [sender], [send_time], [url]) VALUES (50, N'ADMIN_BOT已新增活動: 水彩人物寫生，點我觀看', NULL, 1, 5, NULL, CAST(N'2019-07-31T17:56:53.2950000' AS DateTime2), N'/activity/view/20')
INSERT [dbo].[notice] ([id], [content], [friend_status], [readed], [receiver], [sender], [send_time], [url]) VALUES (51, N'ADMIN_BOT已編輯活動: 水彩人物寫生，點我觀看', NULL, 1, 2, NULL, CAST(N'2019-07-31T17:58:08.2540000' AS DateTime2), N'/activity/view/47')
INSERT [dbo].[notice] ([id], [content], [friend_status], [readed], [receiver], [sender], [send_time], [url]) VALUES (52, N'ADMIN_BOT已編輯活動: 水彩人物寫生，點我觀看', NULL, 1, 3, NULL, CAST(N'2019-07-31T17:58:08.2560000' AS DateTime2), N'/activity/view/47')
INSERT [dbo].[notice] ([id], [content], [friend_status], [readed], [receiver], [sender], [send_time], [url]) VALUES (53, N'ADMIN_BOT已編輯活動: 水彩人物寫生，點我觀看', NULL, 1, 5, NULL, CAST(N'2019-07-31T17:58:08.2570000' AS DateTime2), N'/activity/view/47')
INSERT [dbo].[notice] ([id], [content], [friend_status], [readed], [receiver], [sender], [send_time], [url]) VALUES (54, N'您已追蹤活動: 獨一無二', NULL, 0, 27, NULL, CAST(N'2019-07-31T19:17:15.9740000' AS DateTime2), N'/activity/view/32')
SET IDENTITY_INSERT [dbo].[notice] OFF
ALTER TABLE notice CHECK CONSTRAINT ALL;
